,Date,Inflow
0,2015-07-01,0.0
1,2015-07-02,0.0
2,2015-07-03,0.0
3,2015-07-04,0.0
4,2015-07-05,0.0
5,2015-07-06,0.0
6,2015-07-07,0.0
7,2015-07-08,0.0
8,2015-07-09,0.0
9,2015-07-10,0.0
10,2015-07-11,0.0
11,2015-07-12,0.0
12,2015-07-13,0.0
13,2015-07-14,0.0
14,2015-07-15,0.0
15,2015-07-16,0.0
16,2015-07-17,0.0
17,2015-07-18,0.0
18,2015-07-19,0.0
19,2015-07-20,0.0
20,2015-07-21,0.0
21,2015-07-22,0.0
22,2015-07-23,0.0
23,2015-07-24,0.0
24,2015-07-25,0.0
25,2015-07-26,0.0
26,2015-07-27,0.0
27,2015-07-28,0.0
28,2015-07-29,0.0
29,2015-07-30,0.0
30,2015-07-31,0.0
31,2015-08-01,0.0
32,2015-08-02,0.0
33,2015-08-03,0.0
34,2015-08-04,0.0
35,2015-08-05,0.0
36,2015-08-06,0.0
37,2015-08-07,8912.037037037036
38,2015-08-08,0.0
39,2015-08-09,0.0
40,2015-08-10,0.0
41,2015-08-11,0.0
42,2015-08-12,0.0
43,2015-08-13,0.0
44,2015-08-14,0.0
45,2015-08-15,0.0
46,2015-08-16,0.0
47,2015-08-17,0.0
48,2015-08-18,0.0
49,2015-08-19,0.0
50,2015-08-20,0.0
51,2015-08-21,0.0
52,2015-08-22,0.0
53,2015-08-23,0.0
54,2015-08-24,0.0
55,2015-08-25,0.0
56,2015-08-26,0.0
57,2015-08-27,0.0
58,2015-08-28,0.0
59,2015-08-29,0.0
60,2015-08-30,0.0
61,2015-08-31,0.0
62,2015-09-01,0.0
63,2015-09-02,0.0
64,2015-09-03,0.0
65,2015-09-04,0.0
66,2015-09-05,0.0
67,2015-09-06,0.0
68,2015-09-07,115.74074074074075
69,2015-09-08,0.0
70,2015-09-09,810.185185185184
71,2015-09-10,1157.4074074074063
72,2015-09-11,1273.1481481481471
73,2015-09-12,1273.1481481481494
74,2015-09-13,1851.8518518518504
75,2015-09-14,1620.3703703703713
76,2015-09-15,578.7037037037014
77,2015-09-16,578.7037037037037
78,2015-09-17,810.1851851851852
79,2015-09-18,1041.6666666666667
80,2015-09-19,694.4444444444421
81,2015-09-20,462.962962962963
82,2015-09-21,231.4814814814815
83,2015-09-22,115.74074074074075
84,2015-09-23,0.0
85,2015-09-24,115.74074074074075
86,2015-09-25,0.0
87,2015-09-26,0.0
88,2015-09-27,0.0
89,2015-09-28,0.0
90,2015-09-29,0.0
91,2015-09-30,462.962962962963
92,2015-10-01,115.74074074074075
93,2015-10-02,115.74074074074075
94,2015-10-03,231.4814814814815
95,2015-10-04,231.4814814814815
96,2015-10-05,115.74074074074075
97,2015-10-06,231.4814814814815
98,2015-10-07,347.22222222221995
99,2015-10-08,462.962962962963
100,2015-10-09,578.7037037037037
101,2015-10-10,462.962962962963
102,2015-10-11,462.962962962963
103,2015-10-12,115.74074074073727
104,2015-10-13,231.4814814814815
105,2015-10-14,0.0
106,2015-10-15,0.0
107,2015-10-16,0.0
108,2015-10-17,0.0
109,2015-10-18,115.74074074073727
110,2015-10-19,0.0
111,2015-10-20,0.0
112,2015-10-21,0.0
113,2015-10-22,0.0
114,2015-10-23,0.0
115,2015-10-24,0.0
116,2015-10-25,0.0
117,2015-10-26,0.0
118,2015-10-27,0.0
119,2015-10-28,0.0
120,2015-10-29,0.0
121,2015-10-30,0.0
122,2015-10-31,0.0
123,2015-11-01,12152.777777777783
124,2015-11-02,27662.037037037036
125,2015-11-03,0.0
126,2015-11-04,41319.444444444445
127,2015-11-05,0.0
128,2015-11-06,0.0
129,2015-11-07,18518.51851851852
130,2015-11-08,0.0
131,2015-11-09,60185.185185185175
132,2015-11-10,0.0
133,2015-11-11,17245.37037037037
134,2015-11-12,0.0
135,2015-11-13,0.0
136,2015-11-14,46759.25925925926
137,2015-11-15,0.0
138,2015-11-16,0.0
139,2015-11-17,46759.25925925926
140,2015-11-18,0.0
141,2015-11-19,6018.518518518514
142,2015-11-20,0.0
143,2015-11-21,0.0
144,2015-11-22,57754.62962962963
145,2015-11-23,0.0
146,2015-11-24,26041.66666666667
147,2015-11-25,0.0
148,2015-11-26,0.0
149,2015-11-27,0.0
150,2015-11-28,0.0
151,2015-11-29,115.74074074074305
152,2015-11-30,0.0
153,2015-12-01,0.0
154,2015-12-02,115.74074074073727
155,2015-12-03,0.0
156,2015-12-04,0.0
157,2015-12-05,115.74074074074305
158,2015-12-06,0.0
159,2015-12-07,0.0
160,2015-12-08,0.0
161,2015-12-09,0.0
162,2015-12-10,0.0
163,2015-12-11,115.74074074073727
164,2015-12-12,0.0
165,2015-12-13,115.74074074074305
166,2015-12-14,115.74074074073727
167,2015-12-15,0.0
168,2015-12-16,0.0
169,2015-12-17,0.0
170,2015-12-18,0.0
171,2015-12-19,0.0
172,2015-12-20,0.0
173,2015-12-21,0.0
174,2015-12-22,0.0
175,2015-12-23,0.0
176,2015-12-24,0.0
177,2015-12-25,15972.222222222223
178,2015-12-26,0.0
179,2015-12-27,0.0
180,2015-12-28,0.0
181,2015-12-29,0.0
182,2015-12-30,0.0
183,2015-12-31,0.0
184,2016-01-01,0.0
185,2016-01-02,115.74074074074305
186,2016-01-03,0.0
187,2016-01-04,0.0
188,2016-01-05,10879.629629629631
189,2016-01-06,0.0
190,2016-01-07,11111.111111111113
191,2016-01-08,0.0
192,2016-01-09,0.0
193,2016-01-10,0.0
194,2016-01-11,0.0
195,2016-01-12,0.0
196,2016-01-13,0.0
197,2016-01-14,0.0
198,2016-01-15,0.0
199,2016-01-16,0.0
200,2016-01-17,0.0
201,2016-01-18,0.0
202,2016-01-19,0.0
203,2016-01-20,0.0
204,2016-01-21,0.0
205,2016-01-22,15856.481481481482
206,2016-01-23,0.0
207,2016-01-24,115.74074074074075
208,2016-01-25,115.74074074074075
209,2016-01-26,0.0
210,2016-01-27,0.0
211,2016-01-28,0.0
212,2016-01-29,0.0
213,2016-01-30,115.74074074074075
214,2016-01-31,0.0
215,2016-02-01,0.0
216,2016-02-02,10648.148148148148
217,2016-02-03,0.0
218,2016-02-04,0.0
219,2016-02-05,0.0
220,2016-02-06,0.0
221,2016-02-07,0.0
222,2016-02-08,0.0
223,2016-02-09,0.0
224,2016-02-10,0.0
225,2016-02-11,0.0
226,2016-02-12,0.0
227,2016-02-13,0.0
228,2016-02-14,0.0
229,2016-02-15,0.0
230,2016-02-16,0.0
231,2016-02-17,0.0
232,2016-02-18,0.0
233,2016-02-19,14120.370370370367
234,2016-02-20,0.0
235,2016-02-21,0.0
236,2016-02-22,0.0
237,2016-02-23,0.0
238,2016-02-24,0.0
239,2016-02-25,0.0
240,2016-02-26,0.0
241,2016-02-27,0.0
242,2016-02-28,0.0
243,2016-02-29,0.0
244,2016-03-01,231.4814814814815
245,2016-03-02,0.0
246,2016-03-03,0.0
247,2016-03-04,0.0
248,2016-03-05,0.0
249,2016-03-06,5787.037037037037
250,2016-03-07,0.0
251,2016-03-08,5671.296296296293
252,2016-03-09,0.0
253,2016-03-10,0.0
254,2016-03-11,0.0
255,2016-03-12,0.0
256,2016-03-13,0.0
257,2016-03-14,0.0
258,2016-03-15,0.0
259,2016-03-16,0.0
260,2016-03-17,0.0
261,2016-03-18,0.0
262,2016-03-19,0.0
263,2016-03-20,0.0
264,2016-03-21,0.0
265,2016-03-22,0.0
266,2016-03-23,0.0
267,2016-03-24,0.0
268,2016-03-25,0.0
269,2016-03-26,0.0
270,2016-03-27,0.0
271,2016-03-28,0.0
272,2016-03-29,0.0
273,2016-03-30,0.0
274,2016-03-31,0.0
275,2016-04-01,0.0
276,2016-04-02,0.0
277,2016-04-03,0.0
278,2016-04-04,0.0
279,2016-04-05,0.0
280,2016-04-06,0.0
281,2016-04-07,3009.259259259259
282,2016-04-08,0.0
283,2016-04-09,0.0
284,2016-04-10,0.0
285,2016-04-11,0.0
286,2016-04-12,0.0
287,2016-04-13,0.0
288,2016-04-14,0.0
289,2016-04-15,6712.962962962964
290,2016-04-16,0.0
291,2016-04-17,0.0
292,2016-04-18,0.0
293,2016-04-19,0.0
294,2016-04-20,0.0
295,2016-04-21,0.0
296,2016-04-22,6249.999999999998
297,2016-04-23,0.0
298,2016-04-24,0.0
299,2016-04-25,0.0
300,2016-04-26,0.0
301,2016-04-27,0.0
302,2016-04-28,0.0
303,2016-04-29,0.0
304,2016-04-30,0.0
305,2016-05-01,0.0
306,2016-05-02,0.0
307,2016-05-03,0.0
308,2016-05-04,0.0
309,2016-05-05,3703.703703703704
310,2016-05-06,115.74074074074075
311,2016-05-07,0.0
312,2016-05-08,0.0
313,2016-05-09,0.0
314,2016-05-10,0.0
315,2016-05-11,0.0
316,2016-05-12,0.0
317,2016-05-13,0.0
318,2016-05-14,0.0
319,2016-05-15,0.0
320,2016-05-16,0.0
321,2016-05-17,0.0
322,2016-05-18,0.0
323,2016-05-19,0.0
324,2016-05-20,0.0
325,2016-05-21,0.0
326,2016-05-22,0.0
327,2016-05-23,4976.85185185185
328,2016-05-24,0.0
329,2016-05-25,0.0
330,2016-05-26,0.0
331,2016-05-27,0.0
332,2016-05-28,115.74074074074075
333,2016-05-29,0.0
334,2016-05-30,0.0
335,2016-05-31,0.0
336,2016-06-01,0.0
337,2016-06-02,0.0
338,2016-06-03,115.74074074074075
339,2016-06-04,0.0
340,2016-06-05,115.74074074074075
341,2016-06-06,0.0
342,2016-06-07,0.0
343,2016-06-08,115.74074074074075
344,2016-06-09,0.0
345,2016-06-10,115.74074074074075
346,2016-06-11,0.0
347,2016-06-12,0.0
348,2016-06-13,115.74074074074075
349,2016-06-14,0.0
350,2016-06-15,0.0
351,2016-06-16,0.0
352,2016-06-17,231.4814814814815
353,2016-06-18,347.22222222222223
354,2016-06-19,0.0
355,2016-06-20,115.74074074074075
356,2016-06-21,0.0
357,2016-06-22,694.4444444444445
358,2016-06-23,115.74074074074075
359,2016-06-24,0.0
360,2016-06-25,0.0
361,2016-06-26,115.74074074074075
362,2016-06-27,0.0
363,2016-06-28,115.74074074074075
364,2016-06-29,0.0
365,2016-06-30,231.481481481478
366,2016-07-01,231.4814814814815
367,2016-07-02,347.22222222222223
368,2016-07-03,231.4814814814815
369,2016-07-04,347.22222222222223
370,2016-07-05,231.4814814814815
371,2016-07-06,231.4814814814815
372,2016-07-07,115.74074074074075
373,2016-07-08,231.4814814814815
374,2016-07-09,115.74074074074075
375,2016-07-10,0.0
376,2016-07-11,0.0
377,2016-07-12,0.0
378,2016-07-13,0.0
379,2016-07-14,0.0
380,2016-07-15,0.0
381,2016-07-16,0.0
382,2016-07-17,0.0
383,2016-07-18,0.0
384,2016-07-19,0.0
385,2016-07-20,0.0
386,2016-07-21,0.0
387,2016-07-22,0.0
388,2016-07-23,694.4444444444445
389,2016-07-24,1504.6296296296284
390,2016-07-25,1504.6296296296284
391,2016-07-26,810.1851851851852
392,2016-07-27,925.925925925926
393,2016-07-28,1157.407407407405
394,2016-07-29,1851.8518518518529
395,2016-07-30,1967.5925925925915
396,2016-07-31,1736.1111111111102
397,2016-08-01,1273.1481481481517
398,2016-08-02,1967.5925925925915
399,2016-08-03,0.0
400,2016-08-04,1736.1111111111145
401,2016-08-05,7291.666666666665
402,2016-08-06,11921.2962962963
403,2016-08-07,9606.481481481484
404,2016-08-08,7754.629629629629
405,2016-08-09,8564.814814814807
406,2016-08-10,6944.44444444445
407,2016-08-11,9490.740740740743
408,2016-08-12,7060.185185185178
409,2016-08-13,4629.629629629633
410,2016-08-14,2893.5185185185187
411,2016-08-15,810.1851851851874
412,2016-08-16,0.0
413,2016-08-17,0.0
414,2016-08-18,0.0
415,2016-08-19,0.0
416,2016-08-20,0.0
417,2016-08-21,0.0
418,2016-08-22,0.0
419,2016-08-23,0.0
420,2016-08-24,0.0
421,2016-08-25,0.0
422,2016-08-26,0.0
423,2016-08-27,0.0
424,2016-08-28,0.0
425,2016-08-29,0.0
426,2016-08-30,462.9629629629734
427,2016-08-31,810.1851851851874
428,2016-09-01,231.4814814814757
429,2016-09-02,231.4814814814757
430,2016-09-03,0.0
431,2016-09-04,0.0
432,2016-09-05,0.0
433,2016-09-06,0.0
434,2016-09-07,0.0
435,2016-09-08,0.0
436,2016-09-09,0.0
437,2016-09-10,0.0
438,2016-09-11,0.0
439,2016-09-12,0.0
440,2016-09-13,0.0
441,2016-09-14,0.0
442,2016-09-15,115.74074074073727
443,2016-09-16,1620.3703703703761
444,2016-09-17,4166.66666666666
445,2016-09-18,3587.9629629629685
446,2016-09-19,1388.8888888888798
447,2016-09-20,462.9629629629734
448,2016-09-21,0.0
449,2016-09-22,1736.1111111110938
450,2016-09-23,2083.3333333333508
451,2016-09-24,0.0
452,2016-09-25,60185.18518518518
453,2016-09-26,6597.222222222225
454,2016-09-27,5439.814814814801
455,2016-09-28,4282.407407407419
456,2016-09-29,3240.7407407407322
457,2016-09-30,1504.6296296296377
458,2016-10-01,0.0
459,2016-10-02,231.48148148149653
460,2016-10-03,115.74074074073727
461,2016-10-04,925.925925925926
462,2016-10-05,925.925925925926
463,2016-10-06,231.4814814814757
464,2016-10-07,1388.8888888888798
465,2016-10-08,231.4814814814757
466,2016-10-09,347.22222222223496
467,2016-10-10,462.96296296295253
468,2016-10-11,0.0
469,2016-10-12,810.1851851851874
470,2016-10-13,0.0
471,2016-10-14,694.4444444444295
472,2016-10-15,0.0
473,2016-10-16,0.0
474,2016-10-17,0.0
475,2016-10-18,0.0
476,2016-10-19,0.0
477,2016-10-20,0.0
478,2016-10-21,0.0
479,2016-10-22,0.0
480,2016-10-23,0.0
481,2016-10-24,0.0
482,2016-10-25,115.74074074073727
483,2016-10-26,0.0
484,2016-10-27,0.0
485,2016-10-28,0.0
486,2016-10-29,0.0
487,2016-10-30,0.0
488,2016-10-31,462.96296296295253
489,2016-11-01,0.0
490,2016-11-02,0.0
491,2016-11-03,0.0
492,2016-11-04,0.0
493,2016-11-05,0.0
494,2016-11-06,0.0
495,2016-11-07,0.0
496,2016-11-08,0.0
497,2016-11-09,0.0
498,2016-11-10,0.0
499,2016-11-11,0.0
500,2016-11-12,0.0
501,2016-11-13,0.0
502,2016-11-14,0.0
503,2016-11-15,0.0
504,2016-11-16,0.0
505,2016-11-17,0.0
506,2016-11-18,0.0
507,2016-11-19,0.0
508,2016-11-20,0.0
509,2016-11-21,0.0
510,2016-11-22,0.0
511,2016-11-23,0.0
512,2016-11-24,0.0
513,2016-11-25,578.703703703691
514,2016-11-26,0.0
515,2016-11-27,0.0
516,2016-11-28,0.0
517,2016-11-29,0.0
518,2016-11-30,347.22222222223496
519,2016-12-01,0.0
520,2016-12-02,0.0
521,2016-12-03,0.0
522,2016-12-04,0.0
523,2016-12-05,0.0
524,2016-12-06,0.0
525,2016-12-07,0.0
526,2016-12-08,347.22222222221416
527,2016-12-09,0.0
528,2016-12-10,0.0
529,2016-12-11,0.0
530,2016-12-12,0.0
531,2016-12-13,0.0
532,2016-12-14,0.0
533,2016-12-15,0.0
534,2016-12-16,0.0
535,2016-12-17,0.0
536,2016-12-18,0.0
537,2016-12-19,0.0
538,2016-12-20,0.0
539,2016-12-21,0.0
540,2016-12-22,0.0
541,2016-12-23,49999.999999999985
542,2016-12-24,0.0
543,2016-12-25,0.0
544,2016-12-26,0.0
545,2016-12-27,0.0
546,2016-12-28,0.0
547,2016-12-29,0.0
548,2016-12-30,0.0
549,2016-12-31,0.0
550,2017-01-01,0.0
551,2017-01-02,0.0
552,2017-01-03,0.0
553,2017-01-04,0.0
554,2017-01-05,0.0
555,2017-01-06,0.0
556,2017-01-07,0.0
557,2017-01-08,0.0
558,2017-01-09,0.0
559,2017-01-10,347.22222222221416
560,2017-01-11,0.0
561,2017-01-12,0.0
562,2017-01-13,0.0
563,2017-01-14,0.0
564,2017-01-15,0.0
565,2017-01-16,0.0
566,2017-01-17,0.0
567,2017-01-18,0.0
568,2017-01-19,0.0
569,2017-01-20,0.0
570,2017-01-21,0.0
571,2017-01-22,0.0
572,2017-01-23,0.0
573,2017-01-24,0.0
574,2017-01-25,115.74074074073727
575,2017-01-26,0.0
576,2017-01-27,30324.07407407407
577,2017-01-28,0.0
578,2017-01-29,0.0
579,2017-01-30,0.0
580,2017-01-31,0.0
581,2017-02-01,0.0
582,2017-02-02,0.0
583,2017-02-03,0.0
584,2017-02-04,0.0
585,2017-02-05,0.0
586,2017-02-06,0.0
587,2017-02-07,0.0
588,2017-02-08,0.0
589,2017-02-09,0.0
590,2017-02-10,0.0
591,2017-02-11,0.0
592,2017-02-12,0.0
593,2017-02-13,0.0
594,2017-02-14,0.0
595,2017-02-15,0.0
596,2017-02-16,0.0
597,2017-02-17,0.0
598,2017-02-18,0.0
599,2017-02-19,0.0
600,2017-02-20,0.0
601,2017-02-21,0.0
602,2017-02-22,0.0
603,2017-02-23,0.0
604,2017-02-24,0.0
605,2017-02-25,0.0
606,2017-02-26,7986.111111111112
607,2017-02-27,0.0
608,2017-02-28,0.0
609,2017-03-01,0.0
610,2017-03-02,0.0
611,2017-03-03,0.0
612,2017-03-04,115.74074074074305
613,2017-03-05,0.0
614,2017-03-06,0.0
615,2017-03-07,0.0
616,2017-03-08,0.0
617,2017-03-09,0.0
618,2017-03-10,0.0
619,2017-03-11,0.0
620,2017-03-12,0.0
621,2017-03-13,0.0
622,2017-03-14,0.0
623,2017-03-15,0.0
624,2017-03-16,0.0
625,2017-03-17,0.0
626,2017-03-18,0.0
627,2017-03-19,0.0
628,2017-03-20,0.0
629,2017-03-21,0.0
630,2017-03-22,0.0
631,2017-03-23,0.0
632,2017-03-24,0.0
633,2017-03-25,0.0
634,2017-03-26,0.0
635,2017-03-27,0.0
636,2017-03-28,0.0
637,2017-03-29,0.0
638,2017-03-30,0.0
639,2017-03-31,0.0
640,2017-04-01,0.0
641,2017-04-02,0.0
642,2017-04-03,0.0
643,2017-04-04,0.0
644,2017-04-05,0.0
645,2017-04-06,0.0
646,2017-04-07,0.0
647,2017-04-08,0.0
648,2017-04-09,0.0
649,2017-04-10,0.0
650,2017-04-11,0.0
651,2017-04-12,115.74074074074075
652,2017-04-13,0.0
653,2017-04-14,115.74074074074075
654,2017-04-15,0.0
655,2017-04-16,0.0
656,2017-04-17,0.0
657,2017-04-18,0.0
658,2017-04-19,0.0
659,2017-04-20,0.0
660,2017-04-21,0.0
661,2017-04-22,0.0
662,2017-04-23,0.0
663,2017-04-24,0.0
664,2017-04-25,0.0
665,2017-04-26,0.0
666,2017-04-27,0.0
667,2017-04-28,0.0
668,2017-04-29,0.0
669,2017-04-30,115.74074074074075
670,2017-05-01,0.0
671,2017-05-02,0.0
672,2017-05-03,0.0
673,2017-05-04,0.0
674,2017-05-05,0.0
675,2017-05-06,0.0
676,2017-05-07,0.0
677,2017-05-08,0.0
678,2017-05-09,0.0
679,2017-05-10,0.0
680,2017-05-11,0.0
681,2017-05-12,0.0
682,2017-05-13,0.0
683,2017-05-14,0.0
684,2017-05-15,0.0
685,2017-05-16,115.74074074074075
686,2017-05-17,0.0
687,2017-05-18,0.0
688,2017-05-19,0.0
689,2017-05-20,0.0
690,2017-05-21,0.0
691,2017-05-22,0.0
692,2017-05-23,115.74074074074075
693,2017-05-24,0.0
694,2017-05-25,0.0
695,2017-05-26,0.0
696,2017-05-27,0.0
697,2017-05-28,0.0
698,2017-05-29,115.74074074074075
699,2017-05-30,0.0
700,2017-05-31,0.0
701,2017-06-01,0.0
702,2017-06-02,0.0
703,2017-06-03,0.0
704,2017-06-04,0.0
705,2017-06-05,0.0
706,2017-06-06,0.0
707,2017-06-07,0.0
708,2017-06-08,115.74074074074075
709,2017-06-09,115.74074074074075
710,2017-06-10,115.74074074074075
711,2017-06-11,115.74074074074075
712,2017-06-12,0.0
713,2017-06-13,115.74074074074075
714,2017-06-14,0.0
715,2017-06-15,0.0
716,2017-06-16,0.0
717,2017-06-17,0.0
718,2017-06-18,0.0
719,2017-06-19,115.74074074074075
720,2017-06-20,0.0
721,2017-06-21,0.0
722,2017-06-22,0.0
723,2017-06-23,0.0
724,2017-06-24,0.0
725,2017-06-25,0.0
726,2017-06-26,115.74074074074075
727,2017-06-27,0.0
728,2017-06-28,0.0
729,2017-06-29,0.0
730,2017-06-30,115.74074074074075
731,2017-07-01,0.0
732,2017-07-02,0.0
733,2017-07-03,0.0
734,2017-07-04,115.74074074074075
735,2017-07-05,0.0
736,2017-07-06,0.0
737,2017-07-07,0.0
738,2017-07-08,115.74074074074075
739,2017-07-09,0.0
740,2017-07-10,0.0
741,2017-07-11,0.0
742,2017-07-12,0.0
743,2017-07-13,115.74074074074075
744,2017-07-14,0.0
745,2017-07-15,0.0
746,2017-07-16,0.0
747,2017-07-17,0.0
748,2017-07-18,0.0
749,2017-07-19,115.74074074074075
750,2017-07-20,0.0
751,2017-07-21,115.74074074074075
752,2017-07-22,0.0
753,2017-07-23,0.0
754,2017-07-24,0.0
755,2017-07-25,0.0
756,2017-07-26,115.74074074074075
757,2017-07-27,0.0
758,2017-07-28,0.0
759,2017-07-29,0.0
760,2017-07-30,0.0
761,2017-07-31,0.0
762,2017-08-01,25694.444444444445
763,2017-08-02,0.0
764,2017-08-03,115.74074074074075
765,2017-08-04,0.0
766,2017-08-05,0.0
767,2017-08-06,0.0
768,2017-08-07,0.0
769,2017-08-08,0.0
770,2017-08-09,0.0
771,2017-08-10,0.0
772,2017-08-11,0.0
773,2017-08-12,0.0
774,2017-08-13,115.74074074074075
775,2017-08-14,0.0
776,2017-08-15,0.0
777,2017-08-16,115.74074074074075
778,2017-08-17,115.74074074074075
779,2017-08-18,115.74074074074075
780,2017-08-19,115.74074074074075
781,2017-08-20,115.74074074074075
782,2017-08-21,115.74074074074075
783,2017-08-22,115.74074074074075
784,2017-08-23,115.74074074074075
785,2017-08-24,0.0
786,2017-08-25,115.74074074074075
787,2017-08-26,0.0
788,2017-08-27,115.74074074073727
789,2017-08-28,231.4814814814815
790,2017-08-29,231.4814814814815
791,2017-08-30,694.4444444444445
792,2017-08-31,462.962962962963
793,2017-09-01,115.74074074074075
794,2017-09-02,347.22222222222223
795,2017-09-03,810.1851851851827
796,2017-09-04,1157.4074074074074
797,2017-09-05,2083.333333333332
798,2017-09-06,1388.88888888889
799,2017-09-07,925.925925925926
800,2017-09-08,1273.148148148146
801,2017-09-09,1504.6296296296307
802,2017-09-10,2430.5555555555547
803,2017-09-11,2430.5555555555547
804,2017-09-12,1620.3703703703713
805,2017-09-13,1504.6296296296284
806,2017-09-14,1273.148148148146
807,2017-09-15,1620.3703703703713
808,2017-09-16,5902.777777777775
809,2017-09-17,9027.777777777781
810,2017-09-18,9143.518518518518
811,2017-09-19,8912.037037037031
812,2017-09-20,4282.407407407409
813,2017-09-21,578.7037037037014
814,2017-09-22,2893.5185185185187
815,2017-09-23,4513.888888888895
816,2017-09-24,5208.333333333336
817,2017-09-25,5555.555555555549
818,2017-09-26,3819.444444444455
819,2017-09-27,2662.037037037021
820,2017-09-28,2777.77777777778
821,2017-09-29,1504.6296296296377
822,2017-09-30,5671.296296296299
823,2017-10-01,5208.333333333325
824,2017-10-02,7175.925925925916
825,2017-10-03,4629.629629629633
826,2017-10-04,3587.9629629629685
827,2017-10-05,3587.9629629629685
828,2017-10-06,1504.629629629618
829,2017-10-07,2430.5555555555648
830,2017-10-08,1041.6666666666645
831,2017-10-09,1967.5925925925915
832,2017-10-10,3472.222222222209
833,2017-10-11,4976.8518518518695
834,2017-10-12,2430.555555555544
835,2017-10-13,2199.074074074068
836,2017-10-14,2546.2962962963034
837,2017-10-15,4282.407407407419
838,2017-10-16,3819.4444444444243
839,2017-10-17,3472.2222222222304
840,2017-10-18,4629.629629629633
841,2017-10-19,5208.333333333325
842,2017-10-20,3009.259259259257
843,2017-10-21,1620.3703703703761
844,2017-10-22,347.22222222221416
845,2017-10-23,115.74074074075811
846,2017-10-24,0.0
847,2017-10-25,578.7037037037118
848,2017-10-26,578.703703703691
849,2017-10-27,0.0
850,2017-10-28,0.0
851,2017-10-29,0.0
852,2017-10-30,0.0
853,2017-10-31,0.0
854,2017-11-01,0.0
855,2017-11-02,0.0
856,2017-11-03,0.0
857,2017-11-04,0.0
858,2017-11-05,0.0
859,2017-11-06,0.0
860,2017-11-07,0.0
861,2017-11-08,0.0
862,2017-11-09,0.0
863,2017-11-10,0.0
864,2017-11-11,0.0
865,2017-11-12,0.0
866,2017-11-13,0.0
867,2017-11-14,0.0
868,2017-11-15,0.0
869,2017-11-16,0.0
870,2017-11-17,0.0
871,2017-11-18,0.0
872,2017-11-19,347.22222222221416
873,2017-11-20,0.0
874,2017-11-21,0.0
875,2017-11-22,0.0
876,2017-11-23,0.0
877,2017-11-24,0.0
878,2017-11-25,0.0
879,2017-11-26,0.0
880,2017-11-27,0.0
881,2017-11-28,0.0
882,2017-11-29,0.0
883,2017-11-30,0.0
884,2017-12-01,0.0
885,2017-12-02,0.0
886,2017-12-03,0.0
887,2017-12-04,0.0
888,2017-12-05,0.0
889,2017-12-06,0.0
890,2017-12-07,0.0
891,2017-12-08,0.0
892,2017-12-09,0.0
893,2017-12-10,0.0
894,2017-12-11,0.0
895,2017-12-12,0.0
896,2017-12-13,0.0
897,2017-12-14,0.0
898,2017-12-15,0.0
899,2017-12-16,0.0
900,2017-12-17,1388.8888888888798
901,2017-12-18,0.0
902,2017-12-19,0.0
903,2017-12-20,0.0
904,2017-12-21,0.0
905,2017-12-22,0.0
906,2017-12-23,0.0
907,2017-12-24,0.0
908,2017-12-25,0.0
909,2017-12-26,115.74074074073727
910,2017-12-27,0.0
911,2017-12-28,0.0
912,2017-12-29,0.0
913,2017-12-30,0.0
914,2017-12-31,0.0
915,2018-01-01,0.0
916,2018-01-02,0.0
917,2018-01-03,2083.3333333333508
918,2018-01-04,0.0
919,2018-01-05,61921.2962962963
920,2018-01-06,0.0
921,2018-01-07,0.0
922,2018-01-08,0.0
923,2018-01-09,0.0
924,2018-01-10,0.0
925,2018-01-11,0.0
926,2018-01-12,0.0
927,2018-01-13,0.0
928,2018-01-14,0.0
929,2018-01-15,0.0
930,2018-01-16,0.0
931,2018-01-17,0.0
932,2018-01-18,5208.333333333325
933,2018-01-19,0.0
934,2018-01-20,0.0
935,2018-01-21,0.0
936,2018-01-22,0.0
937,2018-01-23,0.0
938,2018-01-24,0.0
939,2018-01-25,0.0
940,2018-01-26,0.0
941,2018-01-27,0.0
942,2018-01-28,0.0
943,2018-01-29,0.0
944,2018-01-30,0.0
945,2018-01-31,0.0
946,2018-02-01,0.0
947,2018-02-02,0.0
948,2018-02-03,0.0
949,2018-02-04,0.0
950,2018-02-05,0.0
951,2018-02-06,0.0
952,2018-02-07,0.0
953,2018-02-08,0.0
954,2018-02-09,0.0
955,2018-02-10,0.0
956,2018-02-11,0.0
957,2018-02-12,0.0
958,2018-02-13,0.0
959,2018-02-14,0.0
960,2018-02-15,4976.851851851849
961,2018-02-16,0.0
962,2018-02-17,0.0
963,2018-02-18,0.0
964,2018-02-19,0.0
965,2018-02-20,4745.370370370371
966,2018-02-21,0.0
967,2018-02-22,0.0
968,2018-02-23,0.0
969,2018-02-24,0.0
970,2018-02-25,0.0
971,2018-02-26,0.0
972,2018-02-27,0.0
973,2018-02-28,0.0
974,2018-03-01,0.0
975,2018-03-02,0.0
976,2018-03-03,0.0
977,2018-03-04,0.0
978,2018-03-05,0.0
979,2018-03-06,0.0
980,2018-03-07,0.0
981,2018-03-08,0.0
982,2018-03-09,0.0
983,2018-03-10,0.0
984,2018-03-11,0.0
985,2018-03-12,0.0
986,2018-03-13,0.0
987,2018-03-14,0.0
988,2018-03-15,0.0
989,2018-03-16,0.0
990,2018-03-17,0.0
991,2018-03-18,0.0
992,2018-03-19,0.0
993,2018-03-20,0.0
994,2018-03-21,0.0
995,2018-03-22,0.0
996,2018-03-23,0.0
997,2018-03-24,0.0
998,2018-03-25,0.0
999,2018-03-26,0.0
1000,2018-03-27,0.0
1001,2018-03-28,0.0
1002,2018-03-29,0.0
1003,2018-03-30,14814.814814814812
1004,2018-03-31,0.0
1005,2018-04-01,0.0
1006,2018-04-02,0.0
1007,2018-04-03,0.0
1008,2018-04-04,0.0
1009,2018-04-05,0.0
1010,2018-04-06,0.0
1011,2018-04-07,0.0
1012,2018-04-08,0.0
1013,2018-04-09,0.0
1014,2018-04-10,0.0
1015,2018-04-11,0.0
1016,2018-04-12,0.0
1017,2018-04-13,10648.148148148148
1018,2018-04-14,0.0
1019,2018-04-15,0.0
1020,2018-04-16,0.0
1021,2018-04-17,0.0
1022,2018-04-18,0.0
1023,2018-04-19,0.0
1024,2018-04-20,0.0
1025,2018-04-21,0.0
1026,2018-04-22,0.0
1027,2018-04-23,0.0
1028,2018-04-24,0.0
1029,2018-04-25,0.0
1030,2018-04-26,0.0
1031,2018-04-27,0.0
1032,2018-04-28,0.0
1033,2018-04-29,0.0
1034,2018-04-30,0.0
1035,2018-05-01,0.0
1036,2018-05-02,115.74074074074075
1037,2018-05-03,0.0
1038,2018-05-04,0.0
1039,2018-05-05,0.0
1040,2018-05-06,0.0
1041,2018-05-07,0.0
1042,2018-05-08,0.0
1043,2018-05-09,0.0
1044,2018-05-10,0.0
1045,2018-05-11,0.0
1046,2018-05-12,0.0
1047,2018-05-13,0.0
1048,2018-05-14,115.74074074074075
1049,2018-05-15,0.0
1050,2018-05-16,0.0
1051,2018-05-17,0.0
1052,2018-05-18,0.0
1053,2018-05-19,0.0
1054,2018-05-20,115.74074074074075
1055,2018-05-21,0.0
1056,2018-05-22,0.0
1057,2018-05-23,0.0
1058,2018-05-24,0.0
1059,2018-05-25,0.0
1060,2018-05-26,115.74074074074075
1061,2018-05-27,0.0
1062,2018-05-28,9606.481481481482
1063,2018-05-29,0.0
1064,2018-05-30,9375.0
1065,2018-05-31,115.74074074074075
1066,2018-06-01,0.0
1067,2018-06-02,0.0
1068,2018-06-03,0.0
1069,2018-06-04,9490.74074074074
1070,2018-06-05,0.0
1071,2018-06-06,9259.259259259257
1072,2018-06-07,0.0
1073,2018-06-08,9375.0
1074,2018-06-09,0.0
1075,2018-06-10,0.0
1076,2018-06-11,231.481481481478
1077,2018-06-12,0.0
1078,2018-06-13,115.74074074073727
1079,2018-06-14,0.0
1080,2018-06-15,115.74074074073727
1081,2018-06-16,0.0
1082,2018-06-17,0.0
1083,2018-06-18,115.74074074073727
1084,2018-06-19,0.0
1085,2018-06-20,115.74074074073727
1086,2018-06-21,0.0
1087,2018-06-22,0.0
1088,2018-06-23,0.0
1089,2018-06-24,0.0
1090,2018-06-25,231.481481481478
1091,2018-06-26,0.0
1092,2018-06-27,0.0
1093,2018-06-28,0.0
1094,2018-06-29,0.0
1095,2018-06-30,0.0
1096,2018-07-01,0.0
1097,2018-07-02,115.74074074074075
1098,2018-07-03,0.0
1099,2018-07-04,115.74074074074075
1100,2018-07-05,0.0
1101,2018-07-06,0.0
1102,2018-07-07,0.0
1103,2018-07-08,0.0
1104,2018-07-09,115.74074074074075
1105,2018-07-10,0.0
1106,2018-07-11,0.0
1107,2018-07-12,115.74074074074075
1108,2018-07-13,0.0
1109,2018-07-14,0.0
1110,2018-07-15,0.0
1111,2018-07-16,0.0
1112,2018-07-17,115.74074074074075
1113,2018-07-18,0.0
1114,2018-07-19,231.4814814814815
1115,2018-07-20,2777.777777777778
1116,2018-07-21,8912.037037037035
1117,2018-07-22,11458.333333333336
1118,2018-07-23,11342.592592592588
1119,2018-07-24,10763.888888888896
1120,2018-07-25,3124.999999999995
1121,2018-07-26,18287.037037037036
1122,2018-07-27,8101.851851851853
1123,2018-07-28,0.0
1124,2018-07-29,14814.814814814818
1125,2018-07-30,1504.629629629618
1126,2018-07-31,810.1851851851874
1127,2018-08-01,0.0
1128,2018-08-02,0.0
1129,2018-08-03,0.0
1130,2018-08-04,0.0
1131,2018-08-05,0.0
1132,2018-08-06,0.0
1133,2018-08-07,0.0
1134,2018-08-08,0.0
1135,2018-08-09,0.0
1136,2018-08-10,0.0
1137,2018-08-11,347.22222222221416
1138,2018-08-12,2083.33333333333
1139,2018-08-13,3587.9629629629685
1140,2018-08-14,925.925925925926
1141,2018-08-15,0.0
1142,2018-08-16,5787.037037037037
1143,2018-08-17,72685.18518518518
1144,2018-08-18,9606.481481481484
1145,2018-08-19,5902.777777777775
1146,2018-08-20,5324.074074074083
1147,2018-08-21,5902.777777777775
1148,2018-08-22,3935.185185185183
1149,2018-08-23,3356.4814814814713
1150,2018-08-24,4976.851851851849
1151,2018-08-25,4282.407407407419
1152,2018-08-26,2662.0370370370415
1153,2018-08-27,2893.5185185185187
1154,2018-08-28,2662.037037037021
1155,2018-08-29,1504.6296296296377
1156,2018-08-30,810.1851851851874
1157,2018-08-31,1504.6296296296377
1158,2018-09-01,1157.407407407382
1159,2018-09-02,2777.777777777801
1160,2018-09-03,1620.3703703703761
1161,2018-09-04,0.0
1162,2018-09-05,231.48148148151736
1163,2018-09-06,0.0
1164,2018-09-07,0.0
1165,2018-09-08,0.0
1166,2018-09-09,0.0
1167,2018-09-10,0.0
1168,2018-09-11,0.0
1169,2018-09-12,0.0
1170,2018-09-13,0.0
1171,2018-09-14,0.0
1172,2018-09-15,0.0
1173,2018-09-16,0.0
1174,2018-09-17,0.0
1175,2018-09-18,0.0
1176,2018-09-19,0.0
1177,2018-09-20,0.0
1178,2018-09-21,0.0
1179,2018-09-22,0.0
1180,2018-09-23,0.0
1181,2018-09-24,0.0
1182,2018-09-25,0.0
1183,2018-09-26,0.0
1184,2018-09-27,0.0
1185,2018-09-28,0.0
1186,2018-09-29,0.0
1187,2018-09-30,0.0
1188,2018-10-01,0.0
1189,2018-10-02,0.0
1190,2018-10-03,0.0
1191,2018-10-04,0.0
1192,2018-10-05,0.0
1193,2018-10-06,0.0
1194,2018-10-07,0.0
1195,2018-10-08,0.0
1196,2018-10-09,0.0
1197,2018-10-10,0.0
1198,2018-10-11,0.0
1199,2018-10-12,0.0
1200,2018-10-13,0.0
1201,2018-10-14,0.0
1202,2018-10-15,0.0
1203,2018-10-16,0.0
1204,2018-10-17,0.0
1205,2018-10-18,0.0
1206,2018-10-19,231.4814814814757
1207,2018-10-20,694.4444444444503
1208,2018-10-21,578.703703703691
1209,2018-10-22,0.0
1210,2018-10-23,0.0
1211,2018-10-24,0.0
1212,2018-10-25,0.0
1213,2018-10-26,0.0
1214,2018-10-27,0.0
1215,2018-10-28,0.0
1216,2018-10-29,0.0
1217,2018-10-30,0.0
1218,2018-10-31,0.0
1219,2018-11-01,0.0
1220,2018-11-02,0.0
1221,2018-11-03,0.0
1222,2018-11-04,0.0
1223,2018-11-05,0.0
1224,2018-11-06,0.0
1225,2018-11-07,0.0
1226,2018-11-08,0.0
1227,2018-11-09,0.0
1228,2018-11-10,0.0
1229,2018-11-11,0.0
1230,2018-11-12,0.0
1231,2018-11-13,0.0
1232,2018-11-14,0.0
1233,2018-11-15,0.0
1234,2018-11-16,0.0
1235,2018-11-17,0.0
1236,2018-11-18,0.0
1237,2018-11-19,56944.444444444445
1238,2018-11-20,0.0
1239,2018-11-21,56712.96296296295
1240,2018-11-22,0.0
1241,2018-11-23,56944.444444444445
1242,2018-11-24,0.0
1243,2018-11-25,0.0
1244,2018-11-26,0.0
1245,2018-11-27,0.0
1246,2018-11-28,0.0
1247,2018-11-29,0.0
1248,2018-11-30,0.0
1249,2018-12-01,0.0
1250,2018-12-02,0.0
1251,2018-12-03,0.0
1252,2018-12-04,0.0
1253,2018-12-05,0.0
1254,2018-12-06,0.0
1255,2018-12-07,231.4814814814861
1256,2018-12-08,0.0
1257,2018-12-09,0.0
1258,2018-12-10,0.0
1259,2018-12-11,0.0
1260,2018-12-12,0.0
1261,2018-12-13,0.0
1262,2018-12-14,0.0
1263,2018-12-15,0.0
1264,2018-12-16,0.0
1265,2018-12-17,0.0
1266,2018-12-18,0.0
1267,2018-12-19,0.0
1268,2018-12-20,0.0
1269,2018-12-21,0.0
1270,2018-12-22,0.0
1271,2018-12-23,0.0
1272,2018-12-24,0.0
1273,2018-12-25,0.0
1274,2018-12-26,0.0
1275,2018-12-27,0.0
1276,2018-12-28,43171.2962962963
1277,2018-12-29,0.0
1278,2018-12-30,0.0
1279,2018-12-31,0.0
1280,2019-01-01,0.0
1281,2019-01-02,0.0
1282,2019-01-03,0.0
1283,2019-01-04,0.0
1284,2019-01-05,0.0
1285,2019-01-06,0.0
1286,2019-01-07,0.0
1287,2019-01-08,0.0
1288,2019-01-09,0.0
1289,2019-01-10,0.0
1290,2019-01-11,0.0
1291,2019-01-12,0.0
1292,2019-01-13,0.0
1293,2019-01-14,0.0
1294,2019-01-15,0.0
1295,2019-01-16,0.0
1296,2019-01-17,0.0
1297,2019-01-18,0.0
1298,2019-01-19,0.0
1299,2019-01-20,0.0
1300,2019-01-21,0.0
1301,2019-01-22,0.0
1302,2019-01-23,0.0
1303,2019-01-24,0.0
1304,2019-01-25,0.0
1305,2019-01-26,0.0
1306,2019-01-27,0.0
1307,2019-01-28,0.0
1308,2019-01-29,0.0
1309,2019-01-30,0.0
1310,2019-01-31,0.0
1311,2019-02-01,0.0
1312,2019-02-02,0.0
1313,2019-02-03,0.0
1314,2019-02-04,0.0
1315,2019-02-05,0.0
1316,2019-02-06,0.0
1317,2019-02-07,0.0
1318,2019-02-08,0.0
1319,2019-02-09,0.0
1320,2019-02-10,0.0
1321,2019-02-11,0.0
1322,2019-02-12,0.0
1323,2019-02-13,0.0
1324,2019-02-14,0.0
1325,2019-02-15,0.0
1326,2019-02-16,0.0
1327,2019-02-17,0.0
1328,2019-02-18,0.0
1329,2019-02-19,0.0
1330,2019-02-20,0.0
1331,2019-02-21,0.0
1332,2019-02-22,0.0
1333,2019-02-23,0.0
1334,2019-02-24,0.0
1335,2019-02-25,0.0
1336,2019-02-26,0.0
1337,2019-02-27,0.0
1338,2019-02-28,0.0
1339,2019-03-01,0.0
1340,2019-03-02,0.0
1341,2019-03-03,0.0
1342,2019-03-04,0.0
1343,2019-03-05,0.0
1344,2019-03-06,0.0
1345,2019-03-07,0.0
1346,2019-03-08,0.0
1347,2019-03-09,0.0
1348,2019-03-10,0.0
1349,2019-03-11,0.0
1350,2019-03-12,0.0
1351,2019-03-13,0.0
1352,2019-03-14,0.0
1353,2019-03-15,0.0
1354,2019-03-16,0.0
1355,2019-03-17,0.0
1356,2019-03-18,0.0
1357,2019-03-19,0.0
1358,2019-03-20,0.0
1359,2019-03-21,0.0
1360,2019-03-22,0.0
1361,2019-03-23,0.0
1362,2019-03-24,0.0
1363,2019-03-25,0.0
1364,2019-03-26,0.0
1365,2019-03-27,0.0
1366,2019-03-28,0.0
1367,2019-03-29,0.0
1368,2019-03-30,0.0
1369,2019-03-31,0.0
1370,2019-04-01,0.0
1371,2019-04-02,0.0
1372,2019-04-03,0.0
1373,2019-04-04,0.0
1374,2019-04-05,0.0
1375,2019-04-06,0.0
1376,2019-04-07,0.0
1377,2019-04-08,0.0
1378,2019-04-09,0.0
1379,2019-04-10,0.0
1380,2019-04-11,0.0
1381,2019-04-12,13078.703703703704
1382,2019-04-13,0.0
1383,2019-04-14,0.0
1384,2019-04-15,0.0
1385,2019-04-16,0.0
1386,2019-04-17,0.0
1387,2019-04-18,0.0
1388,2019-04-19,0.0
1389,2019-04-20,0.0
1390,2019-04-21,0.0
1391,2019-04-22,0.0
1392,2019-04-23,0.0
1393,2019-04-24,0.0
1394,2019-04-25,0.0
1395,2019-04-26,0.0
1396,2019-04-27,0.0
1397,2019-04-28,0.0
1398,2019-04-29,0.0
1399,2019-04-30,0.0
1400,2019-05-01,0.0
1401,2019-05-02,0.0
1402,2019-05-03,0.0
1403,2019-05-04,0.0
1404,2019-05-05,0.0
1405,2019-05-06,0.0
1406,2019-05-07,0.0
1407,2019-05-08,0.0
1408,2019-05-09,0.0
1409,2019-05-10,0.0
1410,2019-05-11,0.0
1411,2019-05-12,0.0
1412,2019-05-13,0.0
1413,2019-05-14,0.0
1414,2019-05-15,0.0
1415,2019-05-16,0.0
1416,2019-05-17,0.0
1417,2019-05-18,0.0
1418,2019-05-19,0.0
1419,2019-05-20,0.0
1420,2019-05-21,0.0
1421,2019-05-22,0.0
1422,2019-05-23,0.0
1423,2019-05-24,0.0
1424,2019-05-25,0.0
1425,2019-05-26,0.0
1426,2019-05-27,0.0
1427,2019-05-28,0.0
1428,2019-05-29,0.0
1429,2019-05-30,0.0
1430,2019-05-31,0.0
1431,2019-06-01,0.0
1432,2019-06-02,0.0
1433,2019-06-03,0.0
1434,2019-06-04,0.0
1435,2019-06-05,0.0
1436,2019-06-06,0.0
1437,2019-06-07,0.0
1438,2019-06-08,0.0
1439,2019-06-09,0.0
1440,2019-06-10,0.0
1441,2019-06-11,0.0
1442,2019-06-12,0.0
1443,2019-06-13,0.0
1444,2019-06-14,0.0
1445,2019-06-15,0.0
1446,2019-06-16,0.0
1447,2019-06-17,0.0
1448,2019-06-18,115.74074074074075
1449,2019-06-19,0.0
1450,2019-06-20,0.0
1451,2019-06-21,115.74074074074075
1452,2019-06-22,0.0
1453,2019-06-23,0.0
1454,2019-06-24,0.0
1455,2019-06-25,0.0
1456,2019-06-26,0.0
1457,2019-06-27,0.0
1458,2019-06-28,0.0
1459,2019-06-29,0.0
1460,2019-06-30,0.0
1461,2019-07-01,0.0
1462,2019-07-02,0.0
1463,2019-07-03,0.0
1464,2019-07-04,0.0
1465,2019-07-05,9375.0
1466,2019-07-06,0.0
1467,2019-07-07,0.0
1468,2019-07-08,0.0
1469,2019-07-09,0.0
1470,2019-07-10,0.0
1471,2019-07-11,0.0
1472,2019-07-12,0.0
1473,2019-07-13,0.0
1474,2019-07-14,0.0
1475,2019-07-15,0.0
1476,2019-07-16,0.0
1477,2019-07-17,0.0
1478,2019-07-18,0.0
1479,2019-07-19,0.0
1480,2019-07-20,0.0
1481,2019-07-21,0.0
1482,2019-07-22,0.0
1483,2019-07-23,0.0
1484,2019-07-24,0.0
1485,2019-07-25,0.0
1486,2019-07-26,0.0
1487,2019-07-27,0.0
1488,2019-07-28,0.0
1489,2019-07-29,0.0
1490,2019-07-30,0.0
1491,2019-07-31,1388.88888888889
1492,2019-08-01,6944.444444444443
1493,2019-08-02,11111.111111111111
1494,2019-08-03,12268.518518518524
1495,2019-08-04,12962.962962962954
1496,2019-08-05,13078.703703703712
1497,2019-08-06,11805.55555555555
1498,2019-08-07,12731.481481481478
1499,2019-08-08,13657.407407407401
1500,2019-08-09,13773.148148148162
1501,2019-08-10,8217.592592592582
1502,2019-08-11,1504.6296296296377
1503,2019-08-12,11226.851851851838
1504,2019-08-13,13541.666666666666
1505,2019-08-14,11226.85185185186
1506,2019-08-15,8217.592592592602
1507,2019-08-16,0.0
1508,2019-08-17,0.0
1509,2019-08-18,1736.1111111111145
1510,2019-08-19,6597.222222222204
1511,2019-08-20,5208.333333333366
1512,2019-08-21,1388.888888888859
1513,2019-08-22,0.0
1514,2019-08-23,0.0
1515,2019-08-24,0.0
1516,2019-08-25,0.0
1517,2019-08-26,0.0
1518,2019-08-27,0.0
1519,2019-08-28,0.0
1520,2019-08-29,0.0
1521,2019-08-30,0.0
1522,2019-08-31,0.0
1523,2019-09-01,0.0
1524,2019-09-02,0.0
1525,2019-09-03,0.0
1526,2019-09-04,0.0
1527,2019-09-05,578.7037037037118
1528,2019-09-06,4513.888888888895
1529,2019-09-07,5787.037037037037
1530,2019-09-08,8449.074074074058
1531,2019-09-09,5787.037037037037
1532,2019-09-10,3587.962962962989
1533,2019-09-11,0.0
1534,2019-09-12,0.0
1535,2019-09-13,0.0
1536,2019-09-14,0.0
1537,2019-09-15,231.4814814814861
1538,2019-09-16,125115.74074074076
1539,2019-09-17,925.9259259259063
1540,2019-09-18,1273.1481481481412
1541,2019-09-19,0.0
1542,2019-09-20,128009.25925925928
1543,2019-09-21,0.0
1544,2019-09-22,0.0
1545,2019-09-23,0.0
1546,2019-09-24,0.0
1547,2019-09-25,231.4814814814757
1548,2019-09-26,1736.1111111111356
1549,2019-09-27,0.0
1550,2019-09-28,0.0
1551,2019-09-29,0.0
1552,2019-09-30,810.1851851851874
1553,2019-10-01,0.0
1554,2019-10-02,0.0
1555,2019-10-03,0.0
1556,2019-10-04,115.74074074075811
1557,2019-10-05,0.0
1558,2019-10-06,578.7037037037118
1559,2019-10-07,810.1851851851874
1560,2019-10-08,1157.407407407382
1561,2019-10-09,115.74074074075811
1562,2019-10-10,0.0
1563,2019-10-11,126851.85185185185
1564,2019-10-12,231.4814814814757
1565,2019-10-13,1736.1111111111356
1566,2019-10-14,0.0
1567,2019-10-15,0.0
1568,2019-10-16,0.0
1569,2019-10-17,0.0
1570,2019-10-18,0.0
1571,2019-10-19,0.0
1572,2019-10-20,0.0
1573,2019-10-21,0.0
1574,2019-10-22,2546.296296296324
1575,2019-10-23,810.185185185147
1576,2019-10-24,0.0
1577,2019-10-25,0.0
1578,2019-10-26,347.2222222221933
1579,2019-10-27,347.22222222223496
1580,2019-10-28,694.4444444444295
1581,2019-10-29,462.9629629629942
1582,2019-10-30,0.0
1583,2019-10-31,0.0
1584,2019-11-01,0.0
1585,2019-11-02,0.0
1586,2019-11-03,0.0
1587,2019-11-04,0.0
1588,2019-11-05,0.0
1589,2019-11-06,578.7037037037118
1590,2019-11-07,0.0
1591,2019-11-08,462.9629629629942
1592,2019-11-09,925.9259259259063
1593,2019-11-10,231.4814814814757
1594,2019-11-11,0.0
1595,2019-11-12,0.0
1596,2019-11-13,810.1851851851874
1597,2019-11-14,0.0
1598,2019-11-15,123611.11111111111
1599,2019-11-16,0.0
1600,2019-11-17,0.0
1601,2019-11-18,0.0
1602,2019-11-19,0.0
1603,2019-11-20,0.0
1604,2019-11-21,0.0
1605,2019-11-22,0.0
1606,2019-11-23,0.0
1607,2019-11-24,0.0
1608,2019-11-25,0.0
1609,2019-11-26,0.0
1610,2019-11-27,0.0
1611,2019-11-28,0.0
1612,2019-11-29,0.0
1613,2019-11-30,578.7037037037118
1614,2019-12-01,347.22222222221416
1615,2019-12-02,115.74074074073727
1616,2019-12-03,347.22222222223496
1617,2019-12-04,0.0
1618,2019-12-05,0.0
1619,2019-12-06,0.0
1620,2019-12-07,0.0
1621,2019-12-08,0.0
1622,2019-12-09,0.0
1623,2019-12-10,0.0
1624,2019-12-11,0.0
1625,2019-12-12,0.0
1626,2019-12-13,0.0
1627,2019-12-14,0.0
1628,2019-12-15,0.0
1629,2019-12-16,0.0
1630,2019-12-17,0.0
1631,2019-12-18,0.0
1632,2019-12-19,0.0
1633,2019-12-20,0.0
1634,2019-12-21,0.0
1635,2019-12-22,0.0
1636,2019-12-23,0.0
1637,2019-12-24,0.0
1638,2019-12-25,0.0
1639,2019-12-26,0.0
1640,2019-12-27,0.0
1641,2019-12-28,0.0
1642,2019-12-29,0.0
1643,2019-12-30,0.0
1644,2019-12-31,0.0
1645,2020-01-01,0.0
1646,2020-01-02,0.0
1647,2020-01-03,90740.74074074074
1648,2020-01-04,0.0
1649,2020-01-05,0.0
1650,2020-01-06,0.0
1651,2020-01-07,0.0
1652,2020-01-08,0.0
1653,2020-01-09,0.0
1654,2020-01-10,85763.88888888889
1655,2020-01-11,0.0
1656,2020-01-12,0.0
1657,2020-01-13,0.0
1658,2020-01-14,0.0
1659,2020-01-15,0.0
1660,2020-01-16,0.0
1661,2020-01-17,0.0
1662,2020-01-18,0.0
1663,2020-01-19,0.0
1664,2020-01-20,0.0
1665,2020-01-21,0.0
1666,2020-01-22,0.0
1667,2020-01-23,0.0
1668,2020-01-24,0.0
1669,2020-01-25,0.0
1670,2020-01-26,0.0
1671,2020-01-27,115.74074074075811
1672,2020-01-28,0.0
1673,2020-01-29,0.0
1674,2020-01-30,0.0
1675,2020-01-31,0.0
1676,2020-02-01,0.0
1677,2020-02-02,0.0
1678,2020-02-03,0.0
1679,2020-02-04,0.0
1680,2020-02-05,0.0
1681,2020-02-06,0.0
1682,2020-02-07,0.0
1683,2020-02-08,0.0
1684,2020-02-09,0.0
1685,2020-02-10,0.0
1686,2020-02-11,0.0
1687,2020-02-12,0.0
1688,2020-02-13,0.0
1689,2020-02-14,0.0
1690,2020-02-15,0.0
1691,2020-02-16,0.0
1692,2020-02-17,0.0
1693,2020-02-18,0.0
1694,2020-02-19,0.0
1695,2020-02-20,0.0
1696,2020-02-21,0.0
1697,2020-02-22,0.0
1698,2020-02-23,0.0
1699,2020-02-24,0.0
1700,2020-02-25,0.0
1701,2020-02-26,0.0
1702,2020-02-27,0.0
1703,2020-02-28,0.0
1704,2020-02-29,0.0
1705,2020-03-01,0.0
1706,2020-03-02,0.0
1707,2020-03-03,0.0
1708,2020-03-04,0.0
1709,2020-03-05,0.0
1710,2020-03-06,0.0
1711,2020-03-07,0.0
1712,2020-03-08,0.0
1713,2020-03-09,0.0
1714,2020-03-10,0.0
1715,2020-03-11,0.0
1716,2020-03-12,0.0
1717,2020-03-13,45370.37037037036
1718,2020-03-14,0.0
1719,2020-03-15,0.0
1720,2020-03-16,0.0
1721,2020-03-17,0.0
1722,2020-03-18,0.0
1723,2020-03-19,0.0
1724,2020-03-20,0.0
1725,2020-03-21,0.0
1726,2020-03-22,0.0
1727,2020-03-23,0.0
1728,2020-03-24,39814.81481481481
1729,2020-03-25,0.0
1730,2020-03-26,0.0
1731,2020-03-27,0.0
1732,2020-03-28,0.0
1733,2020-03-29,0.0
1734,2020-03-30,0.0
1735,2020-03-31,0.0
1736,2020-04-01,0.0
1737,2020-04-02,0.0
1738,2020-04-03,0.0
1739,2020-04-04,0.0
1740,2020-04-05,0.0
1741,2020-04-06,0.0
1742,2020-04-07,0.0
1743,2020-04-08,0.0
1744,2020-04-09,0.0
1745,2020-04-10,0.0
1746,2020-04-11,0.0
1747,2020-04-12,0.0
1748,2020-04-13,0.0
1749,2020-04-14,0.0
1750,2020-04-15,0.0
1751,2020-04-16,0.0
1752,2020-04-17,0.0
1753,2020-04-18,0.0
1754,2020-04-19,0.0
1755,2020-04-20,0.0
1756,2020-04-21,0.0
1757,2020-04-22,0.0
1758,2020-04-23,0.0
1759,2020-04-24,0.0
1760,2020-04-25,0.0
1761,2020-04-26,0.0
1762,2020-04-27,0.0
1763,2020-04-28,0.0
1764,2020-04-29,0.0
1765,2020-04-30,0.0
1766,2020-05-01,0.0
1767,2020-05-02,0.0
1768,2020-05-03,0.0
1769,2020-05-04,0.0
1770,2020-05-05,0.0
1771,2020-05-06,0.0
1772,2020-05-07,0.0
1773,2020-05-08,29976.85185185185
1774,2020-05-09,0.0
1775,2020-05-10,0.0
1776,2020-05-11,0.0
1777,2020-05-12,0.0
1778,2020-05-13,0.0
1779,2020-05-14,0.0
1780,2020-05-15,0.0
1781,2020-05-16,0.0
1782,2020-05-17,0.0
1783,2020-05-18,0.0
1784,2020-05-19,0.0
1785,2020-05-20,0.0
1786,2020-05-21,0.0
1787,2020-05-22,0.0
1788,2020-05-23,0.0
1789,2020-05-24,0.0
1790,2020-05-25,0.0
1791,2020-05-26,0.0
1792,2020-05-27,0.0
1793,2020-05-28,0.0
1794,2020-05-29,0.0
1795,2020-05-30,0.0
1796,2020-05-31,0.0
1797,2020-06-01,11342.592592592593
1798,2020-06-02,0.0
1799,2020-06-03,0.0
1800,2020-06-04,0.0
1801,2020-06-05,0.0
1802,2020-06-06,0.0
1803,2020-06-07,0.0
1804,2020-06-08,0.0
1805,2020-06-09,0.0
1806,2020-06-10,115.74074074073727
1807,2020-06-11,0.0
1808,2020-06-12,0.0
1809,2020-06-13,0.0
1810,2020-06-14,0.0
1811,2020-06-15,0.0
1812,2020-06-16,0.0
1813,2020-06-17,0.0
1814,2020-06-18,115.74074074074305
1815,2020-06-19,0.0
1816,2020-06-20,0.0
1817,2020-06-21,0.0
1818,2020-06-22,0.0
1819,2020-06-23,115.74074074074305
1820,2020-06-24,0.0
1821,2020-06-25,0.0
1822,2020-06-26,0.0
1823,2020-06-27,0.0
1824,2020-06-28,0.0
1825,2020-06-29,115.74074074074305
1826,2020-06-30,115.74074074073727
1827,2020-07-01,231.4814814814815
1828,2020-07-02,0.0
1829,2020-07-03,231.4814814814815
1830,2020-07-04,115.74074074073727
1831,2020-07-05,115.74074074074305
1832,2020-07-06,0.0
1833,2020-07-07,0.0
1834,2020-07-08,0.0
1835,2020-07-09,115.74074074074305
1836,2020-07-10,115.74074074073727
1837,2020-07-11,115.74074074074305
1838,2020-07-12,115.74074074073727
1839,2020-07-13,115.74074074074305
1840,2020-07-14,0.0
1841,2020-07-15,1388.88888888889
1842,2020-07-16,3356.4814814814813
1843,2020-07-17,4976.851851851849
1844,2020-07-18,5092.592592592591
1845,2020-07-19,3356.4814814814813
1846,2020-07-20,2314.8148148148157
1847,2020-07-21,3124.999999999995
1848,2020-07-22,3935.1851851851934
1849,2020-07-23,2893.5185185185187
1850,2020-07-24,2777.7777777777696
1851,2020-07-25,3472.2222222222304
1852,2020-07-26,3124.999999999995
1853,2020-07-27,1967.5925925925915
1854,2020-07-28,1504.6296296296284
1855,2020-07-29,0.0
1856,2020-07-30,0.0
1857,2020-07-31,0.0
1858,2020-08-01,462.962962962963
1859,2020-08-02,231.4814814814757
1860,2020-08-03,462.962962962963
1861,2020-08-04,0.0
1862,2020-08-05,0.0
1863,2020-08-06,0.0
1864,2020-08-07,347.22222222221416
1865,2020-08-08,4861.1111111111095
1866,2020-08-09,9606.481481481484
1867,2020-08-10,9606.481481481484
1868,2020-08-11,7407.407407407414
1869,2020-08-12,3472.222222222209
1870,2020-08-13,1157.4074074074235
1871,2020-08-14,4629.629629629613
1872,2020-08-15,6597.222222222225
1873,2020-08-16,6597.222222222225
1874,2020-08-17,9027.77777777777
1875,2020-08-18,13541.666666666686
1876,2020-08-19,14004.629629629619
1877,2020-08-20,8796.296296296294
1878,2020-08-21,6828.703703703703
1879,2020-08-22,6249.99999999999
1880,2020-08-23,578.7037037037118
1881,2020-08-24,1620.3703703703761
1882,2020-08-25,1967.5925925926122
1883,2020-08-26,1504.629629629618
1884,2020-08-27,578.7037037037118
1885,2020-08-28,115.74074074071758
1886,2020-08-29,462.96296296295253
1887,2020-08-30,0.0
1888,2020-08-31,0.0
1889,2020-09-01,0.0
1890,2020-09-02,0.0
1891,2020-09-03,0.0
1892,2020-09-04,0.0
1893,2020-09-05,115.74074074071758
1894,2020-09-06,115.74074074075811
1895,2020-09-07,0.0
1896,2020-09-08,231.4814814814757
1897,2020-09-09,0.0
1898,2020-09-10,347.22222222223496
1899,2020-09-11,578.7037037037118
1900,2020-09-12,231.4814814814757
1901,2020-09-13,578.7037037037118
1902,2020-09-14,0.0
1903,2020-09-15,0.0
1904,2020-09-16,925.9259259259063
1905,2020-09-17,0.0
1906,2020-09-18,0.0
1907,2020-09-19,115.74074074075811
1908,2020-09-20,0.0
1909,2020-09-21,462.96296296295253
1910,2020-09-22,0.0
1911,2020-09-23,462.96296296295253
1912,2020-09-24,115.74074074075811
1913,2020-09-25,810.1851851851874
1914,2020-09-26,0.0
1915,2020-09-27,0.0
1916,2020-09-28,0.0
1917,2020-09-29,578.7037037037118
1918,2020-09-30,1273.1481481481412
1919,2020-10-01,0.0
1920,2020-10-02,0.0
1921,2020-10-03,578.7037037037118
1922,2020-10-04,231.4814814814757
1923,2020-10-05,0.0
1924,2020-10-06,347.22222222223496
1925,2020-10-07,0.0
1926,2020-10-08,0.0
1927,2020-10-09,0.0
1928,2020-10-10,0.0
1929,2020-10-11,578.7037037037118
1930,2020-10-12,462.96296296295253
1931,2020-10-13,0.0
1932,2020-10-14,0.0
1933,2020-10-15,0.0
1934,2020-10-16,694.4444444444295
1935,2020-10-17,3125.000000000036
1936,2020-10-18,231.4814814814757
1937,2020-10-19,347.2222222221933
1938,2020-10-20,0.0
1939,2020-10-21,1736.1111111111356
1940,2020-10-22,578.7037037037118
1941,2020-10-23,0.0
1942,2020-10-24,231.4814814814757
1943,2020-10-25,1041.666666666706
1944,2020-10-26,462.96296296295253
1945,2020-10-27,0.0
1946,2020-10-28,347.22222222223496
1947,2020-10-29,0.0
1948,2020-10-30,347.22222222223496
1949,2020-10-31,0.0
1950,2020-11-01,0.0
1951,2020-11-02,0.0
1952,2020-11-03,694.4444444444699
1953,2020-11-04,0.0
1954,2020-11-05,0.0
1955,2020-11-06,127777.77777777778
1956,2020-11-07,0.0
1957,2020-11-08,115.74074074071758
1958,2020-11-09,0.0
1959,2020-11-10,0.0
1960,2020-11-11,0.0
1961,2020-11-12,0.0
1962,2020-11-13,0.0
1963,2020-11-14,0.0
1964,2020-11-15,0.0
1965,2020-11-16,0.0
1966,2020-11-17,0.0
1967,2020-11-18,0.0
1968,2020-11-19,0.0
1969,2020-11-20,0.0
1970,2020-11-21,0.0
1971,2020-11-22,0.0
1972,2020-11-23,0.0
1973,2020-11-24,0.0
1974,2020-11-25,0.0
1975,2020-11-26,0.0
1976,2020-11-27,0.0
1977,2020-11-28,0.0
1978,2020-11-29,0.0
1979,2020-11-30,0.0
1980,2020-12-01,0.0
1981,2020-12-02,0.0
1982,2020-12-03,0.0
1983,2020-12-04,0.0
1984,2020-12-05,0.0
1985,2020-12-06,0.0
1986,2020-12-07,0.0
1987,2020-12-08,0.0
1988,2020-12-09,0.0
1989,2020-12-10,0.0
1990,2020-12-11,1157.4074074074028
1991,2020-12-12,0.0
1992,2020-12-13,0.0
1993,2020-12-14,0.0
1994,2020-12-15,0.0
1995,2020-12-16,0.0
1996,2020-12-17,0.0
1997,2020-12-18,0.0
1998,2020-12-19,0.0
1999,2020-12-20,0.0
2000,2020-12-21,0.0
2001,2020-12-22,0.0
2002,2020-12-23,0.0
2003,2020-12-24,0.0
2004,2020-12-25,0.0
2005,2020-12-26,0.0
2006,2020-12-27,0.0
2007,2020-12-28,0.0
2008,2020-12-29,0.0
2009,2020-12-30,0.0
2010,2020-12-31,0.0
2011,2021-01-01,0.0
2012,2021-01-02,0.0
2013,2021-01-03,0.0
2014,2021-01-04,0.0
2015,2021-01-05,0.0
2016,2021-01-06,0.0
2017,2021-01-07,0.0
2018,2021-01-08,0.0
2019,2021-01-09,0.0
2020,2021-01-10,0.0
2021,2021-01-11,0.0
2022,2021-01-12,0.0
2023,2021-01-13,0.0
2024,2021-01-14,0.0
2025,2021-01-15,90972.22222222222
2026,2021-01-16,0.0
2027,2021-01-17,0.0
2028,2021-01-18,0.0
2029,2021-01-19,0.0
2030,2021-01-20,0.0
2031,2021-01-21,0.0
2032,2021-01-22,0.0
2033,2021-01-23,0.0
2034,2021-01-24,0.0
2035,2021-01-25,0.0
2036,2021-01-26,0.0
2037,2021-01-27,0.0
2038,2021-01-28,0.0
2039,2021-01-29,0.0
2040,2021-01-30,0.0
2041,2021-01-31,0.0
2042,2021-02-01,0.0
2043,2021-02-02,0.0
2044,2021-02-03,0.0
2045,2021-02-04,0.0
2046,2021-02-05,0.0
2047,2021-02-06,0.0
2048,2021-02-07,0.0
2049,2021-02-08,0.0
2050,2021-02-09,0.0
2051,2021-02-10,0.0
2052,2021-02-11,0.0
2053,2021-02-12,0.0
2054,2021-02-13,0.0
2055,2021-02-14,0.0
2056,2021-02-15,0.0
2057,2021-02-16,0.0
2058,2021-02-17,0.0
2059,2021-02-18,0.0
2060,2021-02-19,0.0
2061,2021-02-20,0.0
2062,2021-02-21,0.0
2063,2021-02-22,0.0
2064,2021-02-23,0.0
2065,2021-02-24,0.0
2066,2021-02-25,0.0
2067,2021-02-26,0.0
2068,2021-02-27,0.0
2069,2021-02-28,0.0
2070,2021-03-01,0.0
2071,2021-03-02,0.0
2072,2021-03-03,0.0
2073,2021-03-04,0.0
2074,2021-03-05,0.0
2075,2021-03-06,0.0
2076,2021-03-07,0.0
2077,2021-03-08,0.0
2078,2021-03-09,0.0
2079,2021-03-10,0.0
2080,2021-03-11,0.0
2081,2021-03-12,0.0
2082,2021-03-13,0.0
2083,2021-03-14,0.0
2084,2021-03-15,0.0
2085,2021-03-16,0.0
2086,2021-03-17,0.0
2087,2021-03-18,0.0
2088,2021-03-19,0.0
2089,2021-03-20,0.0
2090,2021-03-21,0.0
2091,2021-03-22,0.0
2092,2021-03-23,0.0
2093,2021-03-24,0.0
2094,2021-03-25,0.0
2095,2021-03-26,0.0
2096,2021-03-27,0.0
2097,2021-03-28,0.0
2098,2021-03-29,0.0
2099,2021-03-30,0.0
2100,2021-03-31,0.0
2101,2021-04-01,0.0
2102,2021-04-02,0.0
2103,2021-04-03,0.0
2104,2021-04-04,0.0
2105,2021-04-05,0.0
2106,2021-04-06,0.0
2107,2021-04-07,0.0
2108,2021-04-08,0.0
2109,2021-04-09,0.0
2110,2021-04-10,0.0
2111,2021-04-11,0.0
2112,2021-04-12,0.0
2113,2021-04-13,0.0
2114,2021-04-14,0.0
2115,2021-04-15,0.0
2116,2021-04-16,0.0
2117,2021-04-17,0.0
2118,2021-04-18,0.0
2119,2021-04-19,0.0
2120,2021-04-20,0.0
2121,2021-04-21,0.0
2122,2021-04-22,0.0
2123,2021-04-23,0.0
2124,2021-04-24,0.0
2125,2021-04-25,0.0
2126,2021-04-26,0.0
2127,2021-04-27,0.0
2128,2021-04-28,0.0
2129,2021-04-29,0.0
2130,2021-04-30,0.0
2131,2021-05-01,0.0
2132,2021-05-02,0.0
2133,2021-05-03,0.0
2134,2021-05-04,0.0
2135,2021-05-05,0.0
2136,2021-05-06,0.0
2137,2021-05-07,0.0
2138,2021-05-08,0.0
2139,2021-05-09,0.0
2140,2021-05-10,0.0
2141,2021-05-11,0.0
2142,2021-05-12,0.0
2143,2021-05-13,0.0
2144,2021-05-14,0.0
2145,2021-05-15,0.0
2146,2021-05-16,0.0
2147,2021-05-17,0.0
2148,2021-05-18,0.0
2149,2021-05-19,0.0
2150,2021-05-20,0.0
2151,2021-05-21,0.0
2152,2021-05-22,0.0
2153,2021-05-23,0.0
2154,2021-05-24,0.0
2155,2021-05-25,115.74074074074305
2156,2021-05-26,0.0
2157,2021-05-27,0.0
2158,2021-05-28,0.0
2159,2021-05-29,0.0
2160,2021-05-30,0.0
2161,2021-05-31,0.0
2162,2021-06-01,0.0
2163,2021-06-02,0.0
2164,2021-06-03,0.0
2165,2021-06-04,0.0
2166,2021-06-05,115.74074074073727
2167,2021-06-06,115.74074074074305
2168,2021-06-07,0.0
2169,2021-06-08,0.0
2170,2021-06-09,0.0
2171,2021-06-10,0.0
2172,2021-06-11,24189.814814814814
2173,2021-06-12,694.4444444444445
2174,2021-06-13,810.1851851851874
2175,2021-06-14,578.7037037037014
2176,2021-06-15,347.22222222221995
2177,2021-06-16,347.22222222222456
2178,2021-06-17,347.22222222221995
2179,2021-06-18,115.74074074074305
2180,2021-06-19,115.74074074073727
2181,2021-06-20,0.0
2182,2021-06-21,0.0
2183,2021-06-22,0.0
2184,2021-06-23,0.0
2185,2021-06-24,0.0
2186,2021-06-25,347.22222222221995
2187,2021-06-26,694.4444444444445
2188,2021-06-27,1157.4074074074074
2189,2021-06-28,810.1851851851827
2190,2021-06-29,925.925925925926
2191,2021-06-30,231.4814814814815
2192,2021-07-01,0.0
2193,2021-07-02,0.0
2194,2021-07-03,0.0
2195,2021-07-04,0.0
2196,2021-07-05,0.0
2197,2021-07-06,0.0
2198,2021-07-07,0.0
2199,2021-07-08,0.0
2200,2021-07-09,0.0
2201,2021-07-10,0.0
2202,2021-07-11,0.0
2203,2021-07-12,0.0
2204,2021-07-13,0.0
2205,2021-07-14,0.0
2206,2021-07-15,0.0
2207,2021-07-16,694.4444444444445
2208,2021-07-17,1851.8518518518483
2209,2021-07-18,3587.962962962963
2210,2021-07-19,5555.555555555556
2211,2021-07-20,7175.925925925927
2212,2021-07-21,6365.740740740739
2213,2021-07-22,4282.407407407409
2214,2021-07-23,5787.037037037037
2215,2021-07-24,11921.2962962963
2216,2021-07-25,16782.40740740741
2217,2021-07-26,19444.444444444438
2218,2021-07-27,16087.962962962969
2219,2021-07-28,17129.629629629613
2220,2021-07-29,9143.51851851853
2221,2021-07-30,7291.666666666656
2222,2021-07-31,8564.814814814818
2223,2021-08-01,11689.814814814812
2224,2021-08-02,8217.592592592602
2225,2021-08-03,1273.1481481481412
2226,2021-08-04,1504.629629629618
2227,2021-08-05,1041.6666666666645
2228,2021-08-06,0.0
2229,2021-08-07,578.7037037037118
2230,2021-08-08,0.0
2231,2021-08-09,1388.888888888859
2232,2021-08-10,694.4444444444699
2233,2021-08-11,347.2222222221933
2234,2021-08-12,0.0
2235,2021-08-13,0.0
2236,2021-08-14,0.0
2237,2021-08-15,0.0
2238,2021-08-16,0.0
2239,2021-08-17,0.0
2240,2021-08-18,0.0
2241,2021-08-19,0.0
2242,2021-08-20,231.48148148149653
2243,2021-08-21,0.0
2244,2021-08-22,0.0
2245,2021-08-23,0.0
2246,2021-08-24,0.0
2247,2021-08-25,0.0
2248,2021-08-26,0.0
2249,2021-08-27,0.0
2250,2021-08-28,0.0
2251,2021-08-29,0.0
2252,2021-08-30,0.0
2253,2021-08-31,0.0
2254,2021-09-01,925.925925925926
2255,2021-09-02,0.0
2256,2021-09-03,0.0
2257,2021-09-04,0.0
2258,2021-09-05,0.0
2259,2021-09-06,3240.7407407407322
2260,2021-09-07,4282.407407407419
2261,2021-09-08,6018.518518518514
2262,2021-09-09,4282.407407407399
2263,2021-09-10,2083.3333333333508
2264,2021-09-11,2662.037037037021
2265,2021-09-12,3125.000000000015
2266,2021-09-13,2546.2962962963034
2267,2021-09-14,2314.8148148148066
2268,2021-09-15,3356.4814814814713
2269,2021-09-16,4166.66666666666
2270,2021-09-17,2546.296296296324
2271,2021-09-18,0.0
2272,2021-09-19,115.74074074071758
2273,2021-09-20,0.0
2274,2021-09-21,0.0
2275,2021-09-22,0.0
2276,2021-09-23,0.0
2277,2021-09-24,0.0
2278,2021-09-25,0.0
2279,2021-09-26,0.0
2280,2021-09-27,694.4444444444699
2281,2021-09-28,0.0
2282,2021-09-29,1273.1481481481817
2283,2021-09-30,3124.999999999995
2284,2021-10-01,810.1851851851874
2285,2021-10-02,0.0
2286,2021-10-03,0.0
2287,2021-10-04,0.0
2288,2021-10-05,0.0
2289,2021-10-06,0.0
2290,2021-10-07,347.22222222223496
2291,2021-10-08,115.74074074071758
2292,2021-10-09,2430.5555555555648
2293,2021-10-10,3819.4444444444243
2294,2021-10-11,2199.074074074088
2295,2021-10-12,0.0
2296,2021-10-13,115.74074074075811
2297,2021-10-14,347.22222222223496
2298,2021-10-15,231.4814814814757
2299,2021-10-16,347.2222222221933
2300,2021-10-17,0.0
2301,2021-10-18,0.0
2302,2021-10-19,0.0
2303,2021-10-20,0.0
2304,2021-10-21,0.0
2305,2021-10-22,0.0
2306,2021-10-23,0.0
2307,2021-10-24,0.0
2308,2021-10-25,0.0
2309,2021-10-26,0.0
2310,2021-10-27,0.0
2311,2021-10-28,0.0
2312,2021-10-29,0.0
2313,2021-10-30,0.0
2314,2021-10-31,0.0
2315,2021-11-01,0.0
2316,2021-11-02,0.0
2317,2021-11-03,0.0
2318,2021-11-04,0.0
2319,2021-11-05,100115.74074074074
2320,2021-11-06,0.0
2321,2021-11-07,0.0
2322,2021-11-08,0.0
2323,2021-11-09,0.0
2324,2021-11-10,0.0
2325,2021-11-11,0.0
2326,2021-11-12,0.0
2327,2021-11-13,0.0
2328,2021-11-14,0.0
2329,2021-11-15,0.0
2330,2021-11-16,0.0
2331,2021-11-17,0.0
2332,2021-11-18,0.0
2333,2021-11-19,810.1851851851874
2334,2021-11-20,925.925925925926
2335,2021-11-21,3240.7407407407322
2336,2021-11-22,6250.000000000011
2337,2021-11-23,6365.740740740728
2338,2021-11-24,3587.9629629629685
2339,2021-11-25,2199.074074074068
2340,2021-11-26,1273.148148148162
2341,2021-11-27,1041.6666666666645
2342,2021-11-28,0.0
2343,2021-11-29,0.0
2344,2021-11-30,462.96296296295253
2345,2021-12-01,0.0
2346,2021-12-02,0.0
2347,2021-12-03,0.0
2348,2021-12-04,0.0
2349,2021-12-05,0.0
2350,2021-12-06,0.0
2351,2021-12-07,231.4814814814757
2352,2021-12-08,0.0
2353,2021-12-09,0.0
2354,2021-12-10,0.0
2355,2021-12-11,462.9629629629734
2356,2021-12-12,0.0
2357,2021-12-13,0.0
2358,2021-12-14,0.0
2359,2021-12-15,0.0
2360,2021-12-16,0.0
2361,2021-12-17,0.0
2362,2021-12-18,0.0
2363,2021-12-19,0.0
2364,2021-12-20,0.0
2365,2021-12-21,0.0
2366,2021-12-22,0.0
2367,2021-12-23,37962.96296296296
2368,2021-12-24,0.0
2369,2021-12-25,0.0
2370,2021-12-26,0.0
2371,2021-12-27,0.0
2372,2021-12-28,0.0
2373,2021-12-29,0.0
2374,2021-12-30,0.0
2375,2021-12-31,0.0
2376,2022-01-01,0.0
2377,2022-01-02,0.0
2378,2022-01-03,0.0
2379,2022-01-04,0.0
2380,2022-01-05,0.0
2381,2022-01-06,0.0
2382,2022-01-07,0.0
2383,2022-01-08,0.0
2384,2022-01-09,0.0
2385,2022-01-10,0.0
2386,2022-01-11,0.0
2387,2022-01-12,0.0
2388,2022-01-13,0.0
2389,2022-01-14,0.0
2390,2022-01-15,27546.296296296285
2391,2022-01-16,0.0
2392,2022-01-17,0.0
2393,2022-01-18,0.0
2394,2022-01-19,0.0
2395,2022-01-20,0.0
2396,2022-01-21,0.0
2397,2022-01-22,0.0
2398,2022-01-23,0.0
2399,2022-01-24,0.0
2400,2022-01-25,0.0
2401,2022-01-26,0.0
2402,2022-01-27,0.0
2403,2022-01-28,0.0
2404,2022-01-29,0.0
2405,2022-01-30,0.0
2406,2022-01-31,0.0
2407,2022-02-01,0.0
2408,2022-02-02,0.0
2409,2022-02-03,0.0
2410,2022-02-04,0.0
2411,2022-02-05,0.0
2412,2022-02-06,0.0
2413,2022-02-07,0.0
2414,2022-02-08,0.0
2415,2022-02-09,0.0
2416,2022-02-10,0.0
2417,2022-02-11,0.0
2418,2022-02-12,0.0
2419,2022-02-13,0.0
2420,2022-02-14,0.0
2421,2022-02-15,0.0
2422,2022-02-16,0.0
2423,2022-02-17,0.0
2424,2022-02-18,0.0
2425,2022-02-19,0.0
2426,2022-02-20,0.0
2427,2022-02-21,0.0
2428,2022-02-22,0.0
2429,2022-02-23,0.0
2430,2022-02-24,0.0
2431,2022-02-25,0.0
2432,2022-02-26,0.0
2433,2022-02-27,0.0
2434,2022-02-28,0.0
2435,2022-03-01,0.0
2436,2022-03-02,0.0
2437,2022-03-03,0.0
2438,2022-03-04,0.0
2439,2022-03-05,0.0
2440,2022-03-06,0.0
2441,2022-03-07,0.0
2442,2022-03-08,0.0
2443,2022-03-09,0.0
2444,2022-03-10,0.0
2445,2022-03-11,0.0
2446,2022-03-12,0.0
2447,2022-03-13,0.0
2448,2022-03-14,0.0
2449,2022-03-15,0.0
2450,2022-03-16,9606.481481481478
2451,2022-03-17,0.0
2452,2022-03-18,0.0
2453,2022-03-19,0.0
2454,2022-03-20,0.0
2455,2022-03-21,0.0
2456,2022-03-22,0.0
2457,2022-03-23,0.0
2458,2022-03-24,0.0
2459,2022-03-25,0.0
2460,2022-03-26,0.0
2461,2022-03-27,0.0
2462,2022-03-28,115.74074074073727
2463,2022-03-29,0.0
2464,2022-03-30,0.0
2465,2022-03-31,0.0
2466,2022-04-01,0.0
2467,2022-04-02,0.0
2468,2022-04-03,0.0
2469,2022-04-04,0.0
2470,2022-04-05,0.0
2471,2022-04-06,0.0
2472,2022-04-07,0.0
2473,2022-04-08,0.0
2474,2022-04-09,0.0
2475,2022-04-10,0.0
2476,2022-04-11,0.0
2477,2022-04-12,0.0
2478,2022-04-13,0.0
2479,2022-04-14,0.0
2480,2022-04-15,29976.85185185185
2481,2022-04-16,0.0
2482,2022-04-17,0.0
2483,2022-04-18,0.0
2484,2022-04-19,0.0
2485,2022-04-20,0.0
2486,2022-04-21,0.0
2487,2022-04-22,115.74074074073727
2488,2022-04-23,0.0
2489,2022-04-24,0.0
2490,2022-04-25,0.0
2491,2022-04-26,0.0
2492,2022-04-27,0.0
2493,2022-04-28,0.0
2494,2022-04-29,0.0
2495,2022-04-30,0.0
2496,2022-05-01,0.0
2497,2022-05-02,115.74074074074305
2498,2022-05-03,0.0
2499,2022-05-04,0.0
2500,2022-05-05,0.0
2501,2022-05-06,0.0
2502,2022-05-07,0.0
2503,2022-05-08,0.0
2504,2022-05-09,0.0
2505,2022-05-10,0.0
2506,2022-05-11,0.0
2507,2022-05-12,0.0
2508,2022-05-13,0.0
2509,2022-05-14,0.0
2510,2022-05-15,0.0
2511,2022-05-16,0.0
2512,2022-05-17,0.0
2513,2022-05-18,0.0
2514,2022-05-19,0.0
2515,2022-05-20,0.0
2516,2022-05-21,0.0
2517,2022-05-22,231.4814814814815
2518,2022-05-23,462.962962962963
2519,2022-05-24,462.962962962963
2520,2022-05-25,0.0
2521,2022-05-26,115.74074074074305
2522,2022-05-27,115.74074074073727
2523,2022-05-28,0.0
2524,2022-05-29,0.0
2525,2022-05-30,115.74074074073727
2526,2022-05-31,0.0
2527,2022-06-01,0.0
2528,2022-06-02,0.0
2529,2022-06-03,0.0
2530,2022-06-04,115.74074074074305
2531,2022-06-05,0.0
2532,2022-06-06,0.0
2533,2022-06-07,231.4814814814815
2534,2022-06-08,115.74074074073727
2535,2022-06-09,231.4814814814815
2536,2022-06-10,115.74074074073727
2537,2022-06-11,0.0
2538,2022-06-12,115.74074074074305
2539,2022-06-13,115.74074074073727
2540,2022-06-14,0.0
2541,2022-06-15,231.4814814814815
2542,2022-06-16,694.4444444444445
2543,2022-06-17,231.4814814814815
2544,2022-06-18,0.0
2545,2022-06-19,0.0
2546,2022-06-20,0.0
2547,2022-06-21,0.0
2548,2022-06-22,0.0
2549,2022-06-23,0.0
2550,2022-06-24,0.0
2551,2022-06-25,0.0
2552,2022-06-26,0.0
2553,2022-06-27,0.0
2554,2022-06-28,0.0
2555,2022-06-29,0.0
2556,2022-06-30,0.0
2557,2022-07-01,0.0
2558,2022-07-02,0.0
2559,2022-07-03,0.0
2560,2022-07-04,0.0
2561,2022-07-05,0.0
2562,2022-07-06,0.0
2563,2022-07-07,0.0
2564,2022-07-08,0.0
2565,2022-07-09,0.0
2566,2022-07-10,0.0
2567,2022-07-11,0.0
2568,2022-07-12,347.22222222221995
2569,2022-07-13,578.703703703706
2570,2022-07-14,4282.407407407402
2571,2022-07-15,9953.703703703708
2572,2022-07-16,15277.777777777783
2573,2022-07-17,12499.99999999999
2574,2022-07-18,11574.074074074084
2575,2022-07-19,22569.444444444438
2576,2022-07-20,8449.07407407408
2577,2022-07-21,10532.407407407407
2578,2022-07-22,8101.851851851844
2579,2022-07-23,5092.592592592587
2580,2022-07-24,810.1851851851874
2581,2022-07-25,1041.6666666666645
2582,2022-07-26,0.0
2583,2022-07-27,0.0
2584,2022-07-28,0.0
2585,2022-07-29,810.1851851851782
2586,2022-07-30,62962.96296296297
2587,2022-07-31,3009.259259259257
2588,2022-08-01,0.0
2589,2022-08-02,1620.3703703703761
2590,2022-08-03,69907.40740740742
2591,2022-08-04,4745.370370370371
2592,2022-08-05,6134.259259259252
2593,2022-08-06,3935.185185185183
2594,2022-08-07,1041.6666666666645
2595,2022-08-08,0.0
2596,2022-08-09,72106.48148148147
2597,2022-08-10,0.0
2598,2022-08-11,77083.33333333333
2599,2022-08-12,347.22222222223496
2600,2022-08-13,0.0
2601,2022-08-14,0.0
2602,2022-08-15,0.0
2603,2022-08-16,0.0
2604,2022-08-17,68171.2962962963
2605,2022-08-18,0.0
2606,2022-08-19,63657.40740740741
2607,2022-08-20,9722.22222222222
2608,2022-08-21,0.0
2609,2022-08-22,0.0
2610,2022-08-23,0.0
2611,2022-08-24,1157.4074074074235
2612,2022-08-25,578.703703703691
2613,2022-08-26,347.22222222223496
2614,2022-08-27,70833.33333333334
2615,2022-08-28,0.0
2616,2022-08-29,0.0
2617,2022-08-30,0.0
2618,2022-08-31,71875.00000000001
2619,2022-09-01,1273.1481481481412
2620,2022-09-02,0.0
2621,2022-09-03,0.0
2622,2022-09-04,71296.29629629628
2623,2022-09-05,0.0
2624,2022-09-06,0.0
2625,2022-09-07,231.4814814814757
2626,2022-09-08,115.74074074071758
2627,2022-09-09,0.0
2628,2022-09-10,0.0
2629,2022-09-11,0.0
2630,2022-09-12,0.0
2631,2022-09-13,70601.85185185185
2632,2022-09-14,0.0
2633,2022-09-15,0.0
2634,2022-09-16,0.0
2635,2022-09-17,0.0
2636,2022-09-18,694.4444444444699
2637,2022-09-19,1736.1111111110938
2638,2022-09-20,115.74074074071758
2639,2022-09-21,0.0
2640,2022-09-22,462.96296296295253
2641,2022-09-23,1273.1481481481412
2642,2022-09-24,0.0
2643,2022-09-25,0.0
2644,2022-09-26,0.0
2645,2022-09-27,0.0
2646,2022-09-28,0.0
2647,2022-09-29,0.0
2648,2022-09-30,0.0
2649,2022-10-01,3819.4444444444243
2650,2022-10-02,5902.777777777796
2651,2022-10-03,3587.9629629629485
2652,2022-10-04,0.0
2653,2022-10-05,694.4444444444295
2654,2022-10-06,0.0
2655,2022-10-07,0.0
2656,2022-10-08,462.96296296295253
2657,2022-10-09,0.0
2658,2022-10-10,0.0
2659,2022-10-11,70370.37037037035
2660,2022-10-12,231.48148148151736
2661,2022-10-13,347.2222222221933
2662,2022-10-14,0.0
2663,2022-10-15,0.0
2664,2022-10-16,0.0
2665,2022-10-17,0.0
2666,2022-10-18,1388.8888888889005
2667,2022-10-19,0.0
2668,2022-10-20,1041.6666666666645
2669,2022-10-21,1157.4074074074235
2670,2022-10-22,0.0
2671,2022-10-23,115.74074074071758
2672,2022-10-24,347.22222222223496
2673,2022-10-25,347.22222222223496
2674,2022-10-26,0.0
2675,2022-10-27,115.74074074071758
2676,2022-10-28,0.0
2677,2022-10-29,0.0
2678,2022-10-30,0.0
2679,2022-10-31,67476.85185185187
2680,2022-11-01,0.0
2681,2022-11-02,0.0
2682,2022-11-03,0.0
2683,2022-11-04,0.0
2684,2022-11-05,0.0
2685,2022-11-06,0.0
2686,2022-11-07,0.0
2687,2022-11-08,0.0
2688,2022-11-09,0.0
2689,2022-11-10,0.0
2690,2022-11-11,0.0
2691,2022-11-12,0.0
2692,2022-11-13,0.0
2693,2022-11-14,56134.25925925927
2694,2022-11-15,0.0
2695,2022-11-16,54050.92592592593
2696,2022-11-17,0.0
2697,2022-11-18,0.0
2698,2022-11-19,0.0
2699,2022-11-20,0.0
2700,2022-11-21,0.0
2701,2022-11-22,0.0
2702,2022-11-23,0.0
2703,2022-11-24,0.0
2704,2022-11-25,0.0
2705,2022-11-26,0.0
2706,2022-11-27,0.0
2707,2022-11-28,0.0
2708,2022-11-29,0.0
2709,2022-11-30,0.0
2710,2022-12-01,0.0
2711,2022-12-02,0.0
2712,2022-12-03,0.0
2713,2022-12-04,0.0
2714,2022-12-05,0.0
2715,2022-12-06,0.0
2716,2022-12-07,0.0
2717,2022-12-08,0.0
2718,2022-12-09,0.0
2719,2022-12-10,0.0
2720,2022-12-11,0.0
2721,2022-12-12,0.0
2722,2022-12-13,0.0
2723,2022-12-14,0.0
2724,2022-12-15,40393.51851851853
2725,2022-12-16,0.0
2726,2022-12-17,37152.77777777777
2727,2022-12-18,0.0
2728,2022-12-19,37037.03703703704
2729,2022-12-20,0.0
2730,2022-12-21,0.0
2731,2022-12-22,0.0
2732,2022-12-23,0.0
2733,2022-12-24,0.0
2734,2022-12-25,0.0
2735,2022-12-26,33680.555555555555
2736,2022-12-27,0.0
2737,2022-12-28,0.0
2738,2022-12-29,0.0
2739,2022-12-30,0.0
2740,2022-12-31,0.0
2741,2023-01-01,0.0
2742,2023-01-02,29629.629629629635
2743,2023-01-03,0.0
2744,2023-01-04,0.0
2745,2023-01-05,578.7037037037118
2746,2023-01-06,0.0
2747,2023-01-07,0.0
2748,2023-01-08,0.0
2749,2023-01-09,0.0
2750,2023-01-10,0.0
2751,2023-01-11,0.0
2752,2023-01-12,0.0
2753,2023-01-13,0.0
2754,2023-01-14,23495.37037037037
2755,2023-01-15,0.0
2756,2023-01-16,0.0
2757,2023-01-17,23263.888888888887
2758,2023-01-18,0.0
2759,2023-01-19,0.0
2760,2023-01-20,0.0
2761,2023-01-21,0.0
2762,2023-01-22,0.0
2763,2023-01-23,0.0
2764,2023-01-24,0.0
2765,2023-01-25,0.0
2766,2023-01-26,9953.703703703708
2767,2023-01-27,9953.703703703708
2768,2023-01-28,0.0
2769,2023-01-29,0.0
2770,2023-01-30,19444.444444444438
2771,2023-01-31,0.0
2772,2023-02-01,0.0
2773,2023-02-02,0.0
2774,2023-02-03,18865.74074074074
2775,2023-02-04,0.0
2776,2023-02-05,0.0
2777,2023-02-06,18402.777777777777
2778,2023-02-07,0.0
2779,2023-02-08,0.0
2780,2023-02-09,0.0
2781,2023-02-10,0.0
2782,2023-02-11,0.0
2783,2023-02-12,0.0
2784,2023-02-13,17245.370370370358
2785,2023-02-14,0.0
2786,2023-02-15,0.0
2787,2023-02-16,15856.481481481482
2788,2023-02-17,0.0
2789,2023-02-18,0.0
2790,2023-02-19,0.0
2791,2023-02-20,0.0
2792,2023-02-21,0.0
2793,2023-02-22,0.0
2794,2023-02-23,0.0
2795,2023-02-24,0.0
2796,2023-02-25,0.0
2797,2023-02-26,0.0
2798,2023-02-27,0.0
2799,2023-02-28,13541.666666666672
2800,2023-03-01,0.0
2801,2023-03-02,13425.925925925923
2802,2023-03-03,0.0
2803,2023-03-04,0.0
2804,2023-03-05,0.0
2805,2023-03-06,0.0
2806,2023-03-07,0.0
2807,2023-03-08,0.0
2808,2023-03-09,12847.222222222224
2809,2023-03-10,0.0
2810,2023-03-11,12500.0
2811,2023-03-12,0.0
2812,2023-03-13,0.0
2813,2023-03-14,0.0
2814,2023-03-15,0.0
2815,2023-03-16,0.0
2816,2023-03-17,0.0
2817,2023-03-18,0.0
2818,2023-03-19,0.0
2819,2023-03-20,11689.814814814818
2820,2023-03-21,0.0
2821,2023-03-22,0.0
2822,2023-03-23,0.0
2823,2023-03-24,0.0
2824,2023-03-25,0.0
2825,2023-03-26,10648.148148148148
2826,2023-03-27,0.0
2827,2023-03-28,0.0
2828,2023-03-29,0.0
2829,2023-03-30,0.0
2830,2023-03-31,21180.555555555555
2831,2023-04-01,0.0
2832,2023-04-02,0.0
2833,2023-04-03,0.0
2834,2023-04-04,0.0
2835,2023-04-05,0.0
2836,2023-04-06,0.0
2837,2023-04-07,10300.925925925925
2838,2023-04-08,0.0
2839,2023-04-09,0.0
2840,2023-04-10,0.0
2841,2023-04-11,0.0
2842,2023-04-12,0.0
2843,2023-04-13,0.0
2844,2023-04-14,0.0
2845,2023-04-15,0.0
2846,2023-04-16,0.0
2847,2023-04-17,0.0
2848,2023-04-18,0.0
2849,2023-04-19,0.0
2850,2023-04-20,0.0
2851,2023-04-21,0.0
2852,2023-04-22,0.0
2853,2023-04-23,0.0
2854,2023-04-24,10069.444444444445
2855,2023-04-25,0.0
2856,2023-04-26,0.0
2857,2023-04-27,115.74074074073727
2858,2023-04-28,0.0
2859,2023-04-29,0.0
2860,2023-04-30,0.0
2861,2023-05-01,115.74074074073727
2862,2023-05-02,115.74074074074305
2863,2023-05-03,231.4814814814815
2864,2023-05-04,0.0
2865,2023-05-05,16666.666666666668
2866,2023-05-06,115.74074074074305
2867,2023-05-07,115.74074074073727
2868,2023-05-08,0.0
2869,2023-05-09,115.74074074074305
2870,2023-05-10,115.74074074073727
2871,2023-05-11,0.0
2872,2023-05-12,0.0
2873,2023-05-13,0.0
2874,2023-05-14,0.0
2875,2023-05-15,0.0
2876,2023-05-16,0.0
2877,2023-05-17,11111.111111111111
2878,2023-05-18,0.0
2879,2023-05-19,0.0
2880,2023-05-20,0.0
2881,2023-05-21,0.0
2882,2023-05-22,11226.851851851854
2883,2023-05-23,0.0
2884,2023-05-24,0.0
2885,2023-05-25,0.0
2886,2023-05-26,10995.37037037037
2887,2023-05-27,115.74074074074305
2888,2023-05-28,0.0
2889,2023-05-29,11226.851851851854
2890,2023-05-30,0.0
2891,2023-05-31,0.0
2892,2023-06-01,0.0
2893,2023-06-02,0.0
2894,2023-06-03,0.0
2895,2023-06-04,0.0
2896,2023-06-05,115.74074074073727
2897,2023-06-06,0.0
2898,2023-06-07,0.0
2899,2023-06-08,0.0
2900,2023-06-09,0.0
2901,2023-06-10,0.0
2902,2023-06-11,0.0
2903,2023-06-12,0.0
2904,2023-06-13,0.0
2905,2023-06-14,0.0
2906,2023-06-15,0.0
2907,2023-06-16,0.0
2908,2023-06-17,115.74074074074305
2909,2023-06-18,0.0
2910,2023-06-19,0.0
2911,2023-06-20,0.0
2912,2023-06-21,0.0
2913,2023-06-22,0.0
2914,2023-06-23,0.0
2915,2023-06-24,0.0
2916,2023-06-25,0.0
2917,2023-06-26,0.0
2918,2023-06-27,0.0
2919,2023-06-28,0.0
2920,2023-06-29,0.0
2921,2023-06-30,0.0
2922,2023-07-01,0.0
2923,2023-07-02,0.0
2924,2023-07-03,0.0
2925,2023-07-04,0.0
2926,2023-07-05,0.0
2927,2023-07-06,115.74074074074305
2928,2023-07-07,0.0
2929,2023-07-08,0.0
2930,2023-07-09,0.0
2931,2023-07-10,0.0
2932,2023-07-11,0.0
2933,2023-07-12,0.0
2934,2023-07-13,0.0
2935,2023-07-14,0.0
2936,2023-07-15,0.0
2937,2023-07-16,0.0
2938,2023-07-17,0.0
2939,2023-07-18,0.0
2940,2023-07-19,0.0
2941,2023-07-20,0.0
2942,2023-07-21,0.0
2943,2023-07-22,0.0
2944,2023-07-23,115.74074074073727
2945,2023-07-24,810.1851851851874
2946,2023-07-25,810.1851851851827
2947,2023-07-26,347.22222222221995
2948,2023-07-27,1388.88888888889
2949,2023-07-28,3472.2222222222204
2950,2023-07-29,8333.333333333336
2951,2023-07-30,8796.2962962963
2952,2023-07-31,4976.851851851849
2953,2023-08-01,3587.9629629629685
2954,2023-08-02,3124.999999999995
2955,2023-08-03,3935.185185185183
2956,2023-08-04,3587.9629629629685
2957,2023-08-05,2662.0370370370315
2958,2023-08-06,2546.296296296293
2959,2023-08-07,2314.8148148148157
2960,2023-08-08,3009.259259259257
2961,2023-08-09,1620.3703703703761
2962,2023-08-10,1967.5925925925915
2963,2023-08-11,0.0
2964,2023-08-12,0.0
2965,2023-08-13,0.0
2966,2023-08-14,0.0
2967,2023-08-15,0.0
2968,2023-08-16,0.0
2969,2023-08-17,0.0
2970,2023-08-18,0.0
2971,2023-08-19,0.0
2972,2023-08-20,0.0
2973,2023-08-21,0.0
2974,2023-08-22,0.0
2975,2023-08-23,0.0
2976,2023-08-24,0.0
2977,2023-08-25,0.0
2978,2023-08-26,0.0
2979,2023-08-27,0.0
2980,2023-08-28,0.0
2981,2023-08-29,0.0
2982,2023-08-30,0.0
2983,2023-08-31,0.0
2984,2023-09-01,0.0
2985,2023-09-02,0.0
2986,2023-09-03,0.0
2987,2023-09-04,115.74074074074768
2988,2023-09-05,115.74074074073727
2989,2023-09-06,1157.4074074074028
2990,2023-09-07,1851.8518518518529
2991,2023-09-08,1388.88888888889
2992,2023-09-09,1041.6666666666645
2993,2023-09-10,810.1851851851874
2994,2023-09-11,694.4444444444399
2995,2023-09-12,578.7037037037014
2996,2023-09-13,462.962962962963
2997,2023-09-14,115.74074074074768
2998,2023-09-15,347.22222222221416
2999,2023-09-16,0.0
3000,2023-09-17,0.0
3001,2023-09-18,0.0
3002,2023-09-19,0.0
3003,2023-09-20,0.0
3004,2023-09-21,0.0
3005,2023-09-22,0.0
3006,2023-09-23,115.74074074073727
3007,2023-09-24,0.0
3008,2023-09-25,347.22222222222456
3009,2023-09-26,1157.4074074074028
3010,2023-09-27,578.7037037037118
3011,2023-09-28,347.22222222221416
3012,2023-09-29,578.7037037037118
3013,2023-09-30,462.962962962963
3014,2023-10-01,347.22222222221416
3015,2023-10-02,115.74074074074768
3016,2023-10-03,462.96296296295253
3017,2023-10-04,231.4814814814861
3018,2023-10-05,0.0
3019,2023-10-06,0.0
3020,2023-10-07,0.0
3021,2023-10-08,0.0
3022,2023-10-09,0.0
3023,2023-10-10,0.0
3024,2023-10-11,0.0
3025,2023-10-12,0.0
3026,2023-10-13,34143.51851851852
3027,2023-10-14,0.0
3028,2023-10-15,0.0
3029,2023-10-16,0.0
3030,2023-10-17,0.0
3031,2023-10-18,0.0
3032,2023-10-19,0.0
3033,2023-10-20,0.0
3034,2023-10-21,0.0
3035,2023-10-22,0.0
3036,2023-10-23,23611.11111111111
3037,2023-10-24,0.0
3038,2023-10-25,0.0
3039,2023-10-26,0.0
3040,2023-10-27,0.0
3041,2023-10-28,0.0
3042,2023-10-29,30324.074074074073
3043,2023-10-30,0.0
3044,2023-10-31,0.0
3045,2023-11-01,0.0
3046,2023-11-02,0.0
3047,2023-11-03,0.0
3048,2023-11-04,0.0
3049,2023-11-05,0.0
3050,2023-11-06,0.0
3051,2023-11-07,0.0
3052,2023-11-08,0.0
3053,2023-11-09,0.0
3054,2023-11-10,0.0
3055,2023-11-11,115.74074074073727
3056,2023-11-12,347.22222222222456
3057,2023-11-13,231.4814814814757
3058,2023-11-14,115.74074074074768
3059,2023-11-15,0.0
3060,2023-11-16,115.74074074074768
3061,2023-11-17,0.0
3062,2023-11-18,0.0
3063,2023-11-19,0.0
3064,2023-11-20,0.0
3065,2023-11-21,0.0
3066,2023-11-22,0.0
3067,2023-11-23,0.0
3068,2023-11-24,0.0
3069,2023-11-25,0.0
3070,2023-11-26,0.0
3071,2023-11-27,115.74074074073727
3072,2023-11-28,0.0
3073,2023-11-29,0.0
3074,2023-11-30,0.0
3075,2023-12-01,26736.11111111111
3076,2023-12-02,0.0
3077,2023-12-03,0.0
3078,2023-12-04,0.0
3079,2023-12-05,0.0
3080,2023-12-06,0.0
3081,2023-12-07,0.0
3082,2023-12-08,25115.74074074074
3083,2023-12-09,0.0
3084,2023-12-10,0.0
3085,2023-12-11,115.74074074074305
3086,2023-12-12,0.0
3087,2023-12-13,0.0
3088,2023-12-14,0.0
3089,2023-12-15,0.0
3090,2023-12-16,0.0
3091,2023-12-17,115.74074074074075
3092,2023-12-18,23842.59259259259
3093,2023-12-19,0.0
3094,2023-12-20,0.0
3095,2023-12-21,0.0
3096,2023-12-22,0.0
3097,2023-12-23,0.0
3098,2023-12-24,0.0
3099,2023-12-25,0.0
3100,2023-12-26,16666.666666666668
3101,2023-12-27,0.0
3102,2023-12-28,0.0
3103,2023-12-29,0.0
3104,2023-12-30,0.0
3105,2023-12-31,0.0
3106,2024-01-01,0.0
3107,2024-01-02,0.0
3108,2024-01-03,0.0
3109,2024-01-04,0.0
3110,2024-01-05,115.74074074073727
3111,2024-01-06,0.0
3112,2024-01-07,115.74074074073727
3113,2024-01-08,0.0
3114,2024-01-09,0.0
3115,2024-01-10,0.0
3116,2024-01-11,0.0
3117,2024-01-12,0.0
3118,2024-01-13,0.0
3119,2024-01-14,0.0
3120,2024-01-15,0.0
3121,2024-01-16,0.0
3122,2024-01-17,0.0
3123,2024-01-18,0.0
3124,2024-01-19,0.0
3125,2024-01-20,0.0
3126,2024-01-21,0.0
3127,2024-01-22,14467.592592592595
3128,2024-01-23,0.0
3129,2024-01-24,0.0
3130,2024-01-25,0.0
3131,2024-01-26,0.0
3132,2024-01-27,0.0
3133,2024-01-28,0.0
3134,2024-01-29,0.0
3135,2024-01-30,0.0
3136,2024-01-31,0.0
3137,2024-02-01,0.0
3138,2024-02-02,0.0
3139,2024-02-03,0.0
3140,2024-02-04,0.0
3141,2024-02-05,0.0
3142,2024-02-06,0.0
3143,2024-02-07,0.0
3144,2024-02-08,0.0
3145,2024-02-09,0.0
3146,2024-02-10,0.0
3147,2024-02-11,0.0
3148,2024-02-12,0.0
3149,2024-02-13,0.0
3150,2024-02-14,12962.962962962964
3151,2024-02-15,0.0
3152,2024-02-16,0.0
3153,2024-02-17,0.0
3154,2024-02-18,0.0
3155,2024-02-19,0.0
3156,2024-02-20,0.0
3157,2024-02-21,0.0
3158,2024-02-22,0.0
3159,2024-02-23,12500.0
3160,2024-02-24,0.0
3161,2024-02-25,12384.259259259261
3162,2024-02-26,0.0
3163,2024-02-27,0.0
3164,2024-02-28,0.0
3165,2024-02-29,12268.518518518518
3166,2024-03-01,0.0
3167,2024-03-02,0.0
3168,2024-03-03,0.0
3169,2024-03-04,11689.814814814816
3170,2024-03-05,0.0
3171,2024-03-06,11689.814814814816
3172,2024-03-07,0.0
3173,2024-03-08,0.0
3174,2024-03-09,0.0
3175,2024-03-10,11458.333333333336
3176,2024-03-11,0.0
3177,2024-03-12,0.0
3178,2024-03-13,0.0
3179,2024-03-14,11458.33333333333
3180,2024-03-15,0.0
3181,2024-03-16,0.0
3182,2024-03-17,0.0
3183,2024-03-18,11458.33333333333
3184,2024-03-19,0.0
3185,2024-03-20,0.0
3186,2024-03-21,0.0
3187,2024-03-22,23842.59259259259
3188,2024-03-23,0.0
3189,2024-03-24,0.0
3190,2024-03-25,0.0
3191,2024-03-26,0.0
3192,2024-03-27,11342.592592592593
3193,2024-03-28,0.0
3194,2024-03-29,0.0
3195,2024-03-30,11342.592592592593
3196,2024-03-31,0.0
3197,2024-04-01,0.0
3198,2024-04-02,0.0
3199,2024-04-03,0.0
3200,2024-04-04,0.0
3201,2024-04-05,0.0
3202,2024-04-06,0.0
3203,2024-04-07,10995.37037037037
3204,2024-04-08,0.0
3205,2024-04-09,0.0
3206,2024-04-10,0.0
3207,2024-04-11,0.0
3208,2024-04-12,10069.444444444445
3209,2024-04-13,0.0
3210,2024-04-14,0.0
3211,2024-04-15,0.0
3212,2024-04-16,0.0
3213,2024-04-17,0.0
3214,2024-04-18,10995.37037037037
3215,2024-04-19,0.0
3216,2024-04-20,0.0
3217,2024-04-21,0.0
3218,2024-04-22,0.0
3219,2024-04-23,0.0
3220,2024-04-24,0.0
3221,2024-04-25,0.0
3222,2024-04-26,10879.62962962963
3223,2024-04-27,0.0
3224,2024-04-28,0.0
3225,2024-04-29,10879.62962962963
3226,2024-04-30,0.0
3227,2024-05-01,0.0
3228,2024-05-02,0.0
3229,2024-05-03,0.0
3230,2024-05-04,0.0
3231,2024-05-05,0.0
3232,2024-05-06,0.0
3233,2024-05-07,0.0
3234,2024-05-08,0.0
3235,2024-05-09,0.0
3236,2024-05-10,0.0
3237,2024-05-11,0.0
3238,2024-05-12,0.0
3239,2024-05-13,0.0
3240,2024-05-14,0.0
3241,2024-05-15,0.0
3242,2024-05-16,0.0
3243,2024-05-17,0.0
3244,2024-05-18,0.0
3245,2024-05-19,0.0
3246,2024-05-20,0.0
3247,2024-05-21,0.0
3248,2024-05-22,0.0
3249,2024-05-23,57.870370370370374
3250,2024-05-24,57.870370370370374
3251,2024-05-25,0.0
3252,2024-05-26,0.0
3253,2024-05-27,0.0
3254,2024-05-28,0.0
3255,2024-05-29,0.0
3256,2024-05-30,0.0
3257,2024-05-31,0.0
3258,2024-06-01,0.0
3259,2024-06-02,0.0
3260,2024-06-03,115.74074074073843
3261,2024-06-04,0.0
3262,2024-06-05,0.0
3263,2024-06-06,0.0
3264,2024-06-07,231.4814814814815
3265,2024-06-08,115.74074074074075
3266,2024-06-09,0.0
3267,2024-06-10,115.74074074074075
3268,2024-06-11,231.4814814814815
3269,2024-06-12,347.22222222222223
3270,2024-06-13,231.4814814814815
3271,2024-06-14,115.74074074073843
3272,2024-06-15,347.22222222222223
3273,2024-06-16,347.22222222222223
3274,2024-06-17,347.22222222222223
3275,2024-06-18,115.74074074074075
3276,2024-06-19,578.7037037037037
3277,2024-06-20,0.0
3278,2024-06-21,0.0
3279,2024-06-22,0.0
3280,2024-06-23,0.0
3281,2024-06-24,0.0
3282,2024-06-25,347.22222222222223
3283,2024-06-26,0.0
3284,2024-06-27,0.0
3285,2024-06-28,0.0
3286,2024-06-29,0.0
3287,2024-06-30,0.0
3288,2024-07-01,0.0
3289,2024-07-02,0.0
3290,2024-07-03,0.0
3291,2024-07-04,0.0
3292,2024-07-05,0.0
3293,2024-07-06,0.0
3294,2024-07-07,0.0
3295,2024-07-08,115.74074074074075
3296,2024-07-09,0.0
3297,2024-07-10,115.74074074074075
3298,2024-07-11,0.0
3299,2024-07-12,0.0
3300,2024-07-13,0.0
3301,2024-07-14,0.0
3302,2024-07-15,0.0
3303,2024-07-16,0.0
3304,2024-07-17,0.0
3305,2024-07-18,0.0
3306,2024-07-19,0.0
3307,2024-07-20,1620.3703703703704
3308,2024-07-21,1273.1481481481494
3309,2024-07-22,2662.037037037036
3310,2024-07-23,3819.4444444444425
3311,2024-07-24,4282.407407407409
3312,2024-07-25,4166.666666666665
3313,2024-07-26,4861.1111111111095
3314,2024-07-27,5555.555555555556
3315,2024-07-28,8564.814814814818
3316,2024-07-29,10648.148148148148
3317,2024-07-30,10532.407407407407
3318,2024-07-31,8217.592592592593
