date,solarenergy,evapotranspiration,rainfallvalue,humidity,temp,soilmoisture,inflow
2018-07-24,19.6,3.29,0.17,64.0,30.6,25.39,10763.888888888896
2018-07-25,18.8,3.03,1.38,62.5,30.7,24.3,3124.999999999995
2018-07-26,19.8,2.45,0.0,63.5,30.3,25.5,18287.037037037036
2018-07-27,14.4,2.27,0.0,65.0,30.0,24.35,8101.851851851853
2018-07-28,15.7,2.34,0.0,63.6,30.2,23.44,0.0
2018-07-29,21.5,2.94,0.0,60.5,30.9,22.08,14814.814814814818
2018-07-30,20.0,3.05,0.4,58.5,31.3,20.57,1504.629629629618
2018-07-31,17.3,2.32,0.75,58.0,31.1,20.76,810.1851851851874
2018-08-01,16.0,2.67,2.83,62.0,30.4,19.68,0.0
2018-08-02,20.4,2.35,1.73,64.5,30.2,21.01,0.0
2018-08-03,21.6,2.5,4.1,61.0,30.7,20.16,0.0
2018-08-04,20.1,2.36,1.48,61.9,30.8,22.92,0.0
2018-08-05,19.8,2.68,2.3,61.1,30.5,22.34,0.0
2018-08-06,15.5,1.66,0.5,63.1,29.8,21.51,0.0
2018-08-07,13.1,1.53,0.12,61.0,29.7,21.35,0.0
2018-08-08,9.8,1.76,2.01,76.6,27.7,21.84,0.0
2018-08-09,19.0,2.62,13.77,65.0,30.0,23.42,0.0
2018-08-10,11.0,2.72,16.14,67.6,29.0,25.26,0.0
2018-08-11,5.0,2.01,1.16,83.0,26.2,27.04,347.22222222221416
2018-08-12,6.0,1.8,10.42,80.4,26.5,29.58,2083.33333333333
2018-08-13,10.8,2.42,0.35,79.8,26.9,30.29,3587.9629629629685
2018-08-14,2.5,2.12,10.91,85.9,26.5,29.57,925.925925925926
2018-08-15,4.8,2.13,2.23,82.5,27.2,34.8,0.0
2018-08-16,10.2,2.58,1.66,83.4,26.5,33.43,5787.037037037037
2018-08-17,16.0,3.78,0.64,71.9,28.4,31.56,72685.18518518518
2018-08-18,16.4,3.43,11.86,71.5,28.6,30.47,9606.481481481484
2018-08-19,4.7,2.31,3.41,86.1,26.0,34.2,5902.777777777775
2018-08-20,2.9,1.6,1.12,86.5,25.4,36.72,5324.074074074083
2018-08-21,16.9,3.75,2.38,74.5,27.8,34.21,5902.777777777775
2018-08-22,17.7,3.92,0.1,70.1,28.9,32.43,3935.185185185183
2018-08-23,11.3,3.76,0.02,70.2,29.1,30.41,3356.4814814814713
2018-08-24,16.3,3.57,0.33,70.2,29.0,28.53,4976.851851851849
2018-08-25,14.8,3.23,7.24,68.3,29.5,26.86,4282.407407407419
2018-08-26,17.0,2.73,1.26,69.9,28.8,28.25,2662.0370370370415
2018-08-27,15.5,2.48,1.16,77.9,27.6,28.42,2893.5185185185187
2018-08-28,20.1,2.88,0.19,70.2,28.8,28.72,2662.037037037021
2018-08-29,19.0,3.17,0.62,69.6,29.0,28.16,1504.6296296296375
2018-08-30,21.7,3.55,0.58,66.9,29.7,26.24,810.1851851851874
2018-08-31,20.5,2.89,0.0,66.9,29.4,25.2,1504.6296296296375
2018-09-01,16.3,2.85,0.05,67.6,29.0,24.27,1157.407407407382
2018-09-02,17.6,2.78,0.21,67.6,29.2,23.09,2777.777777777801
2018-09-03,21.8,2.86,4.09,66.1,29.6,22.82,1620.370370370376
2018-09-04,21.5,2.9,0.01,65.0,29.7,21.47,0.0
2018-09-05,20.7,2.55,0.0,63.0,29.6,20.15,231.48148148151736
2018-09-06,14.6,2.37,0.04,63.0,29.3,19.26,0.0
2018-09-07,14.3,2.31,0.0,61.8,29.2,18.19,0.0
2018-09-08,21.8,2.47,0.0,60.4,29.7,16.97,0.0
2018-09-09,19.7,2.37,0.55,59.1,29.5,15.82,0.0
2018-09-10,19.6,2.17,12.05,64.0,30.1,14.93,0.0
2018-09-11,20.5,1.21,0.71,69.5,29.8,22.06,0.0
2018-09-12,18.6,2.57,0.22,80.9,28.3,22.58,0.0
2018-09-13,18.8,2.53,0.01,76.1,29.1,21.82,0.0
2018-09-14,19.7,2.82,1.36,73.0,29.2,20.48,0.0
2018-09-15,20.2,2.39,11.13,66.5,30.1,20.4,0.0
2018-09-16,20.9,2.49,11.55,67.4,29.7,21.75,0.0
2018-09-17,17.2,1.94,4.3,73.3,28.0,26.09,0.0
2018-09-18,20.7,2.83,13.21,77.4,27.8,29.15,0.0
2018-09-19,10.1,2.78,0.42,81.6,27.0,29.86,0.0
2018-09-20,12.2,2.61,0.86,77.8,27.7,31.3,0.0
2018-09-21,5.3,2.12,0.0,83.6,26.3,33.16,0.0
2018-09-22,21.0,3.75,0.63,71.9,28.1,30.85,0.0
2018-09-23,19.8,3.46,3.34,73.7,28.7,29.32,0.0
2018-09-24,20.9,3.18,4.0,77.7,29.1,29.88,0.0
2018-09-25,21.3,2.85,6.4,72.6,29.5,29.82,0.0
2018-09-26,18.1,2.55,8.0,75.7,28.5,34.47,0.0
2018-09-27,20.5,3.01,2.21,77.4,28.2,34.66,0.0
2018-09-28,20.1,3.08,0.19,76.3,29.1,33.03,0.0
2018-09-29,20.0,3.44,0.6,75.1,29.2,31.29,0.0
2018-09-30,20.5,2.96,1.74,75.7,29.5,29.97,0.0
2018-10-01,19.8,2.77,0.0,76.8,29.1,28.8,0.0
2018-10-02,21.0,1.66,0.05,71.0,29.6,27.8,0.0
2018-10-03,21.8,2.96,0.23,71.3,29.5,26.2,0.0
2018-10-04,21.6,2.79,1.45,71.0,29.4,24.71,0.0
2018-10-05,22.4,2.42,0.05,68.7,28.6,24.0,0.0
2018-10-06,22.0,2.23,0.0,67.5,28.7,23.09,0.0
2018-10-07,20.9,2.66,0.11,69.7,28.8,21.71,0.0
2018-10-08,20.3,2.4,0.0,67.7,29.2,20.49,0.0
2018-10-09,20.5,2.16,0.0,60.3,28.9,19.43,0.0
2018-10-10,21.0,1.76,0.0,55.9,28.8,18.95,0.0
2018-10-11,18.1,1.91,0.0,53.7,28.2,18.05,0.0
2018-10-12,20.3,2.05,0.17,57.9,28.6,17.05,0.0
2018-10-13,19.7,1.81,1.18,66.1,28.9,16.53,0.0
2018-10-14,17.3,1.82,1.45,64.7,29.5,15.78,0.0
2018-10-15,17.6,1.41,6.78,69.7,29.1,15.67,0.0
2018-10-16,18.0,1.55,11.59,74.8,28.5,23.61,0.0
2018-10-17,16.5,1.92,4.77,79.9,27.4,31.77,0.0
2018-10-18,14.2,2.13,0.0,76.2,27.6,34.5,0.0
2018-10-19,19.9,3.17,0.0,67.9,28.0,32.09,231.4814814814757
2018-10-20,20.0,3.1,0.0,63.4,28.5,30.19,694.4444444444503
2018-10-21,20.4,2.9,0.0,60.5,29.0,28.5,578.703703703691
2018-10-22,20.3,2.94,0.1,61.5,29.0,26.87,0.0
2018-10-23,19.4,2.76,0.81,59.4,29.8,25.36,0.0
2018-10-24,16.7,2.42,0.0,65.0,28.9,24.07,0.0
2018-10-25,18.3,2.21,0.0,65.3,28.6,22.89,0.0
2018-10-26,21.2,1.97,0.0,60.4,27.6,21.85,0.0
2018-10-27,22.0,2.05,0.0,52.1,26.8,20.78,0.0
2018-10-28,22.1,1.97,0.0,48.4,26.5,19.77,0.0
2018-10-29,22.3,1.7,0.0,44.5,27.0,18.89,0.0
2018-10-30,21.5,1.86,0.0,46.3,27.6,17.96,0.0
2018-10-31,20.0,1.75,0.81,53.3,27.2,17.09,0.0
2018-11-01,11.0,1.38,0.49,70.5,27.3,16.45,0.0
2018-11-02,14.6,1.36,0.0,72.4,27.5,15.92,0.0
2018-11-03,15.7,1.4,0.0,73.8,27.9,15.39,0.0
2018-11-04,16.0,1.36,0.0,68.3,28.7,14.69,0.0
2018-11-05,17.5,1.33,0.0,66.5,28.9,14.1,0.0
2018-11-06,18.3,0.79,0.0,61.3,29.4,13.7,0.0
2018-11-07,18.0,1.19,0.0,60.8,29.2,13.11,0.0
2018-11-08,17.8,1.17,0.0,62.0,28.8,12.55,0.0
2018-11-09,19.4,1.14,0.0,57.7,28.7,11.99,0.0
2018-11-10,20.7,1.09,0.0,52.8,28.2,11.48,0.0
2018-11-11,21.0,0.6,0.0,45.3,26.9,11.18,0.0
2018-11-12,21.1,0.95,0.0,42.7,26.0,10.73,0.0
2018-11-13,20.9,0.92,0.0,41.0,26.1,10.3,0.0
2018-11-14,20.6,0.48,0.34,46.6,26.2,10.06,0.0
2018-11-15,19.2,0.94,1.86,48.7,27.3,9.64,0.0
2018-11-16,15.3,0.8,0.21,70.2,28.0,9.3,0.0
2018-11-17,14.0,0.84,0.1,74.0,28.4,9.09,0.0
2018-11-18,16.1,0.74,0.0,72.2,28.6,8.82,0.0
2018-11-19,14.8,0.74,0.0,72.7,28.4,8.5,56944.444444444445
2018-11-20,17.6,0.67,0.36,66.4,28.1,8.25,0.0
2018-11-21,17.1,0.66,0.0,60.2,27.8,7.96,56712.96296296295
2018-11-22,14.2,0.31,0.0,66.1,26.2,7.83,0.0
2018-11-23,10.7,0.58,0.0,59.4,26.2,7.58,56944.444444444445
2018-11-24,18.6,0.32,0.0,52.8,26.8,7.5,0.0
2018-11-25,19.5,0.38,0.0,47.2,25.9,7.33,0.0
2018-11-26,19.7,0.58,0.0,48.0,25.3,7.08,0.0
2018-11-27,19.1,0.6,0.0,58.7,25.0,6.83,0.0
2018-11-28,18.3,0.57,0.0,63.0,24.8,6.6,0.0
2018-11-29,17.9,0.52,0.0,61.2,25.9,6.39,0.0
2018-11-30,18.2,0.28,0.0,55.9,25.3,6.27,0.0
2018-12-01,17.0,0.51,0.0,56.7,25.8,6.07,0.0
2018-12-02,14.6,0.52,0.0,63.1,25.4,5.87,0.0
2018-12-03,14.1,0.47,0.12,63.5,25.6,5.68,0.0
2018-12-04,11.7,0.2,0.0,69.2,25.6,5.6,0.0
2018-12-05,10.6,0.38,0.0,67.2,26.6,5.45,0.0
2018-12-06,13.7,0.41,0.0,73.0,27.1,5.51,0.0
2018-12-07,13.5,0.44,0.0,74.8,26.8,5.35,231.4814814814861
2018-12-08,13.8,0.43,0.0,75.8,26.6,5.18,0.0
2018-12-09,14.6,0.41,0.0,67.8,27.0,5.03,0.0
2018-12-10,11.5,0.38,0.0,72.1,26.4,4.89,0.0
2018-12-11,9.5,0.39,0.0,73.8,26.1,4.75,0.0
2018-12-12,16.3,0.39,1.22,67.1,26.6,4.62,0.0
2018-12-13,11.6,0.36,0.0,70.3,25.9,4.56,0.0
2018-12-14,15.9,0.31,0.0,69.5,25.3,4.53,0.0
2018-12-15,15.2,0.32,0.95,65.9,25.2,4.41,0.0
2018-12-16,6.0,0.2,0.4,58.1,23.2,4.84,0.0
2018-12-17,4.5,0.44,0.0,82.6,20.3,5.29,0.0
2018-12-18,10.0,0.35,0.0,72.1,21.5,5.16,0.0
2018-12-19,7.3,0.34,0.0,72.9,21.3,5.01,0.0
2018-12-20,11.1,0.34,0.0,75.0,22.4,4.88,0.0
2018-12-21,13.5,0.35,0.0,73.8,23.3,4.74,0.0
2018-12-22,13.6,0.35,0.0,72.4,23.5,4.6,0.0
2018-12-23,14.8,0.31,0.0,73.0,24.2,4.48,0.0
2018-12-24,17.2,0.33,0.0,71.3,24.1,4.36,0.0
2018-12-25,18.5,0.33,0.0,63.7,24.4,4.24,0.0
2018-12-26,14.7,0.16,0.02,69.3,25.1,4.17,0.0
2018-12-27,14.8,0.15,0.0,71.0,25.3,4.25,0.0
2018-12-28,19.2,0.2,0.0,49.9,23.8,4.19,43171.2962962963
2018-12-29,19.2,0.11,0.0,50.4,21.9,4.15,0.0
2018-12-30,19.3,0.08,0.0,53.3,21.4,4.11,0.0
2018-12-31,19.7,0.06,0.0,47.1,21.1,4.08,0.0
2019-01-01,19.8,1.23,0.0,45.0,20.9,4.06,0.0
2019-01-02,19.4,1.25,0.0,53.3,21.7,4.01,0.0
2019-01-03,19.5,1.28,0.0,53.3,23.6,3.97,0.0
2019-01-04,19.2,1.26,0.0,61.7,22.5,3.92,0.0
2019-01-05,18.5,1.21,0.0,68.9,22.9,3.89,0.0
2019-01-06,19.2,1.22,0.0,67.5,23.3,3.85,0.0
2019-01-07,19.4,1.22,0.0,63.5,23.4,3.81,0.0
2019-01-08,19.5,0.54,0.0,52.9,23.5,3.8,0.0
2019-01-09,20.1,1.23,0.0,43.5,22.0,3.76,0.0
2019-01-10,20.0,1.19,0.0,48.0,22.5,3.73,0.0
2019-01-11,17.9,1.14,0.0,68.5,23.5,3.7,0.0
2019-01-12,18.9,1.12,0.0,65.5,24.0,3.67,0.0
2019-01-13,19.3,1.07,0.0,68.2,23.7,3.64,0.0
2019-01-14,19.6,1.07,0.0,65.8,23.4,3.62,0.0
2019-01-15,19.8,1.1,0.0,58.1,24.4,3.59,0.0
2019-01-16,20.1,1.04,0.0,56.5,24.0,3.56,0.0
2019-01-17,19.2,1.02,0.0,64.4,23.8,3.54,0.0
2019-01-18,19.8,0.99,0.0,64.8,24.3,3.52,0.0
2019-01-19,19.8,0.96,0.0,62.9,23.9,3.5,0.0
2019-01-20,20.1,0.92,0.0,57.7,24.3,3.47,0.0
2019-01-21,20.3,0.89,0.0,63.3,24.6,3.46,0.0
2019-01-22,20.3,0.84,0.0,59.2,24.4,3.44,0.0
2019-01-23,19.2,0.82,0.0,66.7,24.3,3.43,0.0
2019-01-24,18.0,0.8,0.03,66.2,25.2,3.41,0.0
2019-01-25,15.6,0.72,5.9,68.7,25.7,3.4,0.0
2019-01-26,11.1,0.63,17.77,78.4,24.9,3.8,0.0
2019-01-27,6.7,0.61,3.0,87.2,22.6,5.24,0.0
2019-01-28,8.6,0.55,0.0,90.6,21.2,7.98,0.0
2019-01-29,20.9,0.91,0.0,69.8,21.5,7.27,0.0
2019-01-30,21.9,0.97,0.0,50.7,20.8,7.02,0.0
2019-01-31,16.2,1.0,0.0,68.4,21.9,6.84,0.0
2019-02-01,17.2,1.45,0.0,71.5,23.6,6.68,0.0
2019-02-02,20.5,1.47,0.0,70.0,23.1,6.55,0.0
2019-02-03,16.9,1.41,0.0,70.0,24.0,6.43,0.0
2019-02-04,18.9,1.38,0.0,67.2,24.8,6.32,0.0
2019-02-05,20.1,1.36,0.0,66.2,25.0,6.22,0.0
2019-02-06,21.1,1.37,0.0,62.9,25.2,6.13,0.0
2019-02-07,20.0,1.3,0.0,56.2,26.3,6.04,0.0
2019-02-08,15.9,1.26,0.0,69.6,26.1,5.95,0.0
2019-02-09,17.9,1.18,0.0,59.0,25.1,5.88,0.0
2019-02-10,22.0,1.26,0.0,44.6,24.9,5.81,0.0
2019-02-11,15.5,1.05,0.0,71.4,26.0,5.75,0.0
2019-02-12,19.7,1.2,0.0,70.4,25.7,5.68,0.0
2019-02-13,21.5,1.23,0.0,69.9,25.6,5.62,0.0
2019-02-14,22.0,1.23,0.0,64.0,26.2,5.56,0.0
2019-02-15,20.2,1.16,0.0,59.7,27.0,5.51,0.0
2019-02-16,19.4,1.1,0.0,61.8,27.5,5.46,0.0
2019-02-17,18.4,1.14,0.0,63.8,28.2,5.42,0.0
2019-02-18,20.4,1.11,0.0,62.5,28.2,5.37,0.0
2019-02-19,20.6,1.03,0.0,65.0,29.0,5.33,0.0
2019-02-20,21.2,0.99,0.0,64.6,28.6,5.3,0.0
2019-02-21,22.4,1.01,0.0,60.9,27.8,5.26,0.0
2019-02-22,23.0,0.7,0.0,47.4,29.1,5.24,0.0
2019-02-23,23.1,0.67,0.0,40.5,30.2,5.22,0.0
2019-02-24,23.2,0.84,0.0,34.3,30.9,5.19,0.0
2019-02-25,23.3,0.81,0.0,39.0,30.5,5.16,0.0
2019-02-26,21.8,0.79,0.17,56.5,28.6,5.14,0.0
2019-02-27,20.2,0.75,0.04,68.1,28.3,5.11,0.0
2019-02-28,17.2,0.65,0.0,72.4,28.4,5.28,0.0
2019-03-01,17.9,1.02,0.0,68.6,28.8,5.26,0.0
2019-03-02,19.0,0.95,0.0,65.7,28.7,5.24,0.0
2019-03-03,19.1,0.84,0.0,61.6,29.5,5.22,0.0
2019-03-04,22.2,0.99,0.0,55.8,30.3,5.19,0.0
2019-03-05,23.8,0.68,0.0,55.5,30.4,5.17,0.0
2019-03-06,24.5,0.81,0.0,44.6,29.5,5.15,0.0
2019-03-07,24.2,0.73,0.04,42.0,29.2,5.13,0.0
2019-03-08,22.4,0.62,0.0,60.0,30.7,5.12,0.0
2019-03-09,21.0,0.55,0.0,61.4,30.4,5.1,0.0
2019-03-10,21.6,0.51,0.0,61.7,30.6,5.09,0.0
2019-03-11,22.1,0.47,0.0,56.5,31.0,5.08,0.0
2019-03-12,20.8,0.45,0.0,53.0,30.7,5.06,0.0
2019-03-13,22.6,0.43,0.0,46.1,30.9,5.06,0.0
2019-03-14,24.2,0.43,0.0,37.6,31.3,5.05,0.0
2019-03-15,25.1,0.34,0.0,36.6,31.7,5.04,0.0
2019-03-16,25.4,0.35,0.0,39.4,30.6,5.03,0.0
2019-03-17,25.0,0.45,0.0,54.6,29.9,5.03,0.0
2019-03-18,25.5,0.44,0.0,53.7,28.8,5.02,0.0
2019-03-19,23.4,0.43,0.0,59.0,29.9,5.02,0.0
2019-03-20,21.3,0.39,0.0,60.3,30.1,5.02,0.0
2019-03-21,23.8,0.36,0.0,55.4,30.5,5.01,0.0
2019-03-22,23.2,0.42,0.01,59.0,30.2,5.01,0.0
2019-03-23,23.3,0.38,0.01,56.4,31.2,5.0,0.0
2019-03-24,22.3,0.35,0.0,50.8,32.0,5.0,0.0
2019-03-25,24.5,0.34,0.0,52.9,31.6,5.11,0.0
2019-03-26,24.2,0.52,0.0,50.0,31.5,5.1,0.0
2019-03-27,24.7,0.06,0.0,48.6,31.8,1.87,0.0
2019-03-28,24.4,0.06,0.0,44.4,32.0,1.85,0.0
2019-03-29,25.4,0.05,0.0,43.0,32.4,1.83,0.0
2019-03-30,25.9,0.05,0.36,50.9,32.4,1.81,0.0
2019-03-31,24.7,0.04,0.0,50.2,33.0,2.45,0.0
2019-04-01,23.5,0.16,0.0,45.6,33.4,2.37,0.0
2019-04-02,23.4,0.11,0.0,48.0,33.1,2.34,0.0
2019-04-03,23.5,0.14,0.0,55.6,32.2,2.28,0.0
2019-04-04,24.9,0.11,0.06,54.8,31.7,2.32,0.0
2019-04-05,24.7,0.13,0.32,53.6,31.6,3.54,0.0
2019-04-06,24.7,0.32,0.12,49.3,32.3,3.64,0.0
2019-04-07,24.5,0.25,1.02,48.9,32.2,5.08,0.0
2019-04-08,24.3,0.37,0.5,57.0,31.7,5.0,0.0
2019-04-09,23.8,0.64,1.03,61.1,31.8,5.39,0.0
2019-04-10,24.3,0.95,0.69,58.4,32.4,9.49,0.0
2019-04-11,25.0,2.06,0.56,51.3,33.1,10.31,0.0
2019-04-12,25.4,1.27,0.0,48.9,33.4,9.43,13078.703703703704
2019-04-13,24.8,1.06,0.0,46.8,33.1,9.76,0.0
2019-04-14,23.9,1.21,0.55,47.0,33.3,9.0,0.0
2019-04-15,25.8,1.13,0.0,43.9,33.7,8.31,0.0
2019-04-16,27.1,1.01,0.07,40.4,33.1,7.74,0.0
2019-04-17,24.6,0.87,3.93,49.2,32.3,7.25,0.0
2019-04-18,23.1,0.87,1.3,57.8,32.4,7.08,0.0
2019-04-19,22.4,0.89,1.1,65.3,31.2,7.94,0.0
2019-04-20,23.4,0.85,1.04,63.3,31.4,7.39,0.0
2019-04-21,21.6,0.78,1.09,57.1,32.4,7.11,0.0
2019-04-22,24.2,0.72,0.0,55.4,31.9,7.04,0.0
2019-04-23,24.1,0.81,0.0,54.6,32.4,6.6,0.0
2019-04-24,25.4,0.75,0.0,49.6,33.1,6.18,0.0
2019-04-25,25.3,0.7,0.0,45.7,33.9,5.78,0.0
2019-04-26,25.7,0.64,0.0,43.8,34.4,5.43,0.0
2019-04-27,24.7,0.57,0.0,46.7,34.8,5.12,0.0
2019-04-28,23.9,0.46,0.1,45.5,34.7,4.89,0.0
2019-04-29,24.3,0.46,2.89,50.4,34.4,4.76,0.0
2019-04-30,24.2,0.52,0.09,51.8,34.1,7.96,0.0
2019-05-01,23.6,1.48,0.0,53.0,33.6,9.51,0.0
2019-05-02,20.3,1.17,0.0,42.6,34.9,8.86,0.0
2019-05-03,23.0,1.07,0.0,28.3,36.2,8.24,0.0
2019-05-04,24.7,0.99,0.0,28.9,35.8,7.67,0.0
2019-05-05,25.3,0.94,0.0,26.7,36.3,7.13,0.0
2019-05-06,24.5,0.85,0.0,29.5,35.9,6.64,0.0
2019-05-07,20.5,0.56,0.0,34.6,35.9,6.32,0.0
2019-05-08,23.0,0.69,0.0,37.0,36.4,5.99,0.0
2019-05-09,25.9,0.64,0.0,30.5,37.1,5.63,0.0
2019-05-10,24.3,0.6,1.89,32.2,35.9,5.29,0.0
2019-05-11,25.1,0.5,0.34,48.4,35.0,5.62,0.0
2019-05-12,23.9,0.44,0.42,49.3,33.9,5.4,0.0
2019-05-13,23.5,0.53,0.0,53.6,33.9,5.11,0.0
2019-05-14,24.5,0.39,1.79,47.6,34.4,4.91,0.0
2019-05-15,23.0,0.5,0.58,48.9,34.7,5.12,0.0
2019-05-16,22.5,0.56,0.35,52.6,34.7,4.87,0.0
2019-05-17,23.9,0.5,0.19,52.3,34.6,5.45,0.0
2019-05-18,24.5,0.62,0.66,43.6,35.9,5.37,0.0
2019-05-19,23.2,0.49,0.0,47.7,36.0,5.73,0.0
2019-05-20,24.0,0.59,1.69,47.7,35.9,6.35,0.0
2019-05-21,23.9,0.67,0.0,50.0,35.3,7.53,0.0
2019-05-22,25.3,0.89,2.38,49.5,35.3,7.76,0.0
2019-05-23,24.3,0.92,0.33,50.1,35.4,14.18,0.0
2019-05-24,25.2,1.82,0.09,49.7,35.5,13.97,0.0
2019-05-25,23.9,1.82,1.23,42.3,36.7,13.6,0.0
2019-05-26,23.3,1.69,0.46,39.7,37.2,13.52,0.0
2019-05-27,23.4,1.77,1.42,36.9,37.4,12.71,0.0
2019-05-28,24.4,1.59,0.37,42.5,37.2,12.04,0.0
2019-05-29,24.9,1.51,0.6,50.4,35.9,11.32,0.0
2019-05-30,23.8,1.51,0.6,57.2,33.9,16.02,0.0
2019-05-31,25.1,1.95,0.0,53.0,35.5,14.88,0.0
2019-06-01,24.9,1.8,4.49,54.9,34.3,14.5,0.0
2019-06-02,23.7,2.07,5.32,49.7,35.2,17.13,0.0
2019-06-03,22.6,4.6,0.01,53.6,33.7,19.24,0.0
2019-06-04,25.4,2.22,2.34,57.2,33.1,18.6,0.0
2019-06-05,25.0,2.03,9.3,49.2,35.6,18.16,0.0
2019-06-06,23.3,3.54,14.21,50.5,34.9,24.42,0.0
2019-06-07,23.0,3.21,0.07,53.6,34.0,23.83,0.0
2019-06-08,21.6,2.86,0.67,53.4,33.5,31.29,0.0
2019-06-09,21.3,2.74,0.0,50.0,34.9,29.17,0.0
2019-06-10,24.7,2.57,0.0,55.9,33.8,27.93,0.0
2019-06-11,25.4,2.03,0.0,49.4,35.1,27.05,0.0
2019-06-12,24.9,2.44,0.36,47.7,35.4,26.14,0.0
2019-06-13,21.7,2.28,0.04,49.6,34.4,25.43,0.0
2019-06-14,22.8,2.45,0.0,50.1,34.4,24.62,0.0
2019-06-15,24.2,2.41,0.01,47.5,34.8,23.84,0.0
2019-06-16,24.0,2.32,0.09,45.3,35.0,23.14,0.0
2019-06-17,17.0,2.02,0.01,46.5,33.7,22.65,0.0
2019-06-18,22.0,2.1,1.86,39.3,35.6,22.4,115.74074074074076
2019-06-19,24.1,2.25,3.89,41.8,35.6,21.91,0.0
2019-06-20,19.7,2.17,10.54,53.2,33.7,22.08,0.0
2019-06-21,15.1,3.41,16.42,72.0,30.0,23.16,115.74074074074076
2019-06-22,11.0,2.11,1.88,69.3,30.1,26.18,0.0
2019-06-23,14.8,3.59,2.47,65.7,30.6,27.39,0.0
2019-06-24,20.1,3.09,1.7,66.9,30.9,28.64,0.0
2019-06-25,20.4,3.84,0.0,73.3,30.5,30.99,0.0
2019-06-26,19.0,2.41,0.95,63.1,31.7,29.51,0.0
2019-06-27,22.9,2.7,1.24,52.5,33.4,28.6,0.0
2019-06-28,16.2,2.08,4.11,55.5,32.7,28.57,0.0
2019-06-29,9.1,2.14,5.69,67.8,30.0,28.3,0.0
2019-06-30,10.2,1.27,5.16,66.9,29.3,31.13,0.0
2019-07-01,8.1,3.14,0.48,76.8,27.7,33.92,0.0
2019-07-02,8.7,3.46,1.52,72.9,28.5,32.8,0.0
2019-07-03,9.6,2.58,0.92,68.3,29.8,31.5,0.0
2019-07-04,19.1,3.21,2.38,62.8,30.9,30.62,0.0
2019-07-05,10.9,2.58,0.15,69.3,29.6,29.77,9375.0
2019-07-06,13.9,2.51,0.84,61.5,30.6,28.92,0.0
2019-07-07,12.5,2.05,0.8,61.6,30.8,28.23,0.0
2019-07-08,18.7,3.44,0.09,60.6,31.3,27.05,0.0
2019-07-09,18.4,2.62,4.78,58.4,31.7,26.46,0.0
2019-07-10,17.8,3.45,0.7,58.6,31.7,29.24,0.0
2019-07-11,16.9,3.25,0.38,66.3,30.2,29.73,0.0
2019-07-12,21.3,4.03,1.86,60.4,31.1,31.25,0.0
2019-07-13,20.1,4.48,7.05,58.6,32.0,31.63,0.0
2019-07-14,21.1,3.75,2.96,58.9,31.9,31.94,0.0
2019-07-15,20.4,3.54,6.07,61.0,31.1,32.31,0.0
2019-07-16,21.9,3.87,5.62,58.1,31.9,32.42,0.0
2019-07-17,22.1,3.87,15.15,56.9,32.2,34.43,0.0
2019-07-18,19.0,4.16,14.11,60.5,31.5,34.57,0.0
2019-07-19,7.8,3.59,1.53,72.3,29.2,34.71,0.0
2019-07-20,17.5,4.27,4.45,73.0,28.9,33.45,0.0
2019-07-21,17.2,3.71,2.62,68.2,30.0,33.6,0.0
2019-07-22,16.3,3.86,0.23,71.3,30.2,34.2,0.0
2019-07-23,12.3,3.85,0.88,69.5,29.5,33.65,0.0
2019-07-24,18.8,3.51,7.08,62.8,30.8,31.9,0.0
2019-07-25,13.4,2.4,14.6,62.7,31.1,32.22,0.0
2019-07-26,9.7,2.61,0.12,77.7,27.5,36.1,0.0
2019-07-27,6.8,2.57,6.02,79.2,26.8,33.94,0.0
2019-07-28,6.0,1.66,5.55,82.4,26.6,35.07,0.0
2019-07-29,4.9,2.53,1.13,84.5,26.0,35.43,0.0
2019-07-30,12.8,2.93,2.7,74.3,27.9,33.97,0.0
2019-07-31,20.4,2.84,18.75,67.6,29.3,33.35,1388.88888888889
2019-08-01,13.8,1.99,19.52,75.1,27.7,37.18,6944.444444444443
2019-08-02,3.1,2.46,4.22,89.3,25.0,37.63,11111.111111111111
2019-08-03,7.9,3.22,2.66,82.0,26.4,36.81,12268.518518518524
2019-08-04,8.3,2.72,4.59,78.0,27.4,36.41,12962.962962962954
2019-08-05,7.8,2.96,1.05,72.6,28.3,36.27,13078.703703703712
2019-08-06,4.1,2.07,3.48,80.2,27.1,36.13,11805.55555555555
2019-08-07,6.2,1.96,0.84,81.3,26.9,36.05,12731.481481481478
2019-08-08,13.3,3.8,0.49,76.1,28.3,34.24,13657.4074074074
2019-08-09,13.4,3.81,0.0,70.7,29.4,32.35,13773.148148148162
2019-08-10,15.1,3.81,0.0,67.0,30.1,30.73,8217.592592592582
2019-08-11,15.6,3.72,0.74,64.1,30.3,29.32,1504.6296296296375
2019-08-12,16.0,3.73,1.35,63.9,30.3,28.05,11226.851851851838
2019-08-13,9.8,3.29,0.51,73.7,29.2,29.49,13541.666666666666
2019-08-14,17.6,4.73,0.44,69.0,29.8,31.33,11226.85185185186
2019-08-15,20.7,4.48,1.4,66.3,30.3,29.8,8217.592592592602
2019-08-16,22.0,3.83,5.55,66.2,30.3,30.28,0.0
2019-08-17,18.5,4.46,1.57,66.0,30.0,29.47,0.0
2019-08-18,14.3,3.49,8.16,75.8,28.6,34.11,1736.1111111111145
2019-08-19,20.3,4.79,13.3,76.0,29.0,35.53,6597.222222222204
2019-08-20,17.7,4.37,12.5,77.7,28.9,37.55,5208.333333333366
2019-08-21,9.8,2.38,5.89,78.8,28.1,38.28,1388.888888888859
2019-08-22,17.6,3.48,0.25,77.7,28.2,37.89,0.0
2019-08-23,9.4,4.07,0.73,74.9,28.0,37.61,0.0
2019-08-24,18.9,4.24,0.0,69.7,29.1,36.18,0.0
2019-08-25,19.8,3.99,0.0,65.6,29.8,34.67,0.0
2019-08-26,19.8,4.23,0.0,62.1,29.6,32.68,0.0
2019-08-27,24.3,4.26,0.0,59.9,29.9,30.88,0.0
2019-08-28,23.8,4.44,0.42,58.7,30.5,29.26,0.0
2019-08-29,20.0,4.5,14.46,64.7,30.4,27.81,0.0
2019-08-30,18.6,3.64,21.09,69.7,30.0,29.6,0.0
2019-08-31,11.5,2.91,6.42,80.4,27.5,35.46,0.0
2019-09-01,5.3,2.83,7.19,84.1,26.3,34.65,0.0
2019-09-02,6.0,2.87,2.74,83.4,26.6,35.06,0.0
2019-09-03,6.6,2.15,3.03,82.9,26.8,36.19,0.0
2019-09-04,6.2,2.4,0.76,81.2,27.0,35.06,0.0
2019-09-05,14.8,3.16,1.05,73.1,28.7,33.67,578.7037037037118
2019-09-06,9.8,2.65,1.46,74.4,28.2,32.58,4513.888888888895
2019-09-07,6.5,2.58,0.26,78.4,27.7,32.17,5787.037037037037
2019-09-08,12.0,2.26,0.1,71.0,28.9,32.85,8449.074074074058
2019-09-09,16.8,3.28,0.52,67.7,29.6,31.54,5787.037037037037
2019-09-10,13.4,3.35,0.34,69.9,29.2,30.31,3587.962962962989
2019-09-11,14.2,2.51,0.63,66.1,29.4,29.47,0.0
2019-09-12,16.4,2.11,0.58,67.8,29.0,30.75,0.0
2019-09-13,12.9,3.53,8.56,69.5,29.0,29.91,0.0
2019-09-14,19.3,3.55,2.2,71.5,28.8,31.72,0.0
2019-09-15,19.4,4.33,4.02,72.6,28.8,31.88,231.4814814814861
2019-09-16,16.2,3.75,22.35,76.4,28.7,31.89,125115.74074074076
2019-09-17,13.4,3.3,18.2,81.6,27.7,37.8,925.9259259259064
2019-09-18,6.9,3.68,10.33,88.2,26.7,38.84,1273.1481481481412
2019-09-19,11.8,4.24,3.61,87.5,27.0,38.23,0.0
2019-09-20,16.9,3.69,2.03,81.7,27.9,38.7,128009.25925925928
2019-09-21,17.4,3.71,3.65,78.8,28.7,36.52,0.0
2019-09-22,16.2,3.51,10.56,81.0,28.6,35.71,0.0
2019-09-23,18.2,4.09,19.6,82.6,28.2,38.09,0.0
2019-09-24,12.5,4.16,7.18,85.7,27.2,39.44,0.0
2019-09-25,10.0,3.05,16.36,87.0,26.7,39.17,231.4814814814757
2019-09-26,11.6,3.21,1.5,85.9,27.1,39.13,1736.1111111111356
2019-09-27,18.0,4.02,0.81,84.7,27.2,39.51,0.0
2019-09-28,17.6,3.62,5.28,81.9,27.8,38.53,0.0
2019-09-29,17.6,3.28,2.21,80.5,27.9,37.12,0.0
2019-09-30,19.6,3.6,0.73,80.0,27.8,36.56,810.1851851851874
2019-10-01,19.5,3.24,12.87,79.9,28.4,36.01,0.0
2019-10-02,20.6,3.38,4.25,76.7,28.8,36.39,0.0
2019-10-03,16.1,3.57,7.13,78.7,28.1,36.42,0.0
2019-10-04,18.8,2.7,1.86,79.1,27.8,38.83,115.74074074075811
2019-10-05,18.1,3.3,7.53,81.3,27.4,38.79,0.0
2019-10-06,17.5,3.38,15.53,83.5,27.3,38.58,578.7037037037118
2019-10-07,18.8,3.55,2.23,79.9,28.0,38.97,810.1851851851874
2019-10-08,16.8,3.33,4.83,79.7,27.8,38.26,1157.407407407382
2019-10-09,15.4,2.65,13.89,81.4,28.0,38.65,115.74074074075811
2019-10-10,15.1,3.14,2.27,82.4,27.2,38.95,0.0
2019-10-11,11.6,3.35,1.32,81.1,27.3,39.25,126851.85185185184
2019-10-12,14.4,2.84,2.85,81.4,27.7,38.19,231.4814814814757
2019-10-13,16.8,2.58,0.74,79.5,28.1,37.4,1736.1111111111356
2019-10-14,16.4,2.18,1.27,80.4,28.0,36.46,0.0
2019-10-15,18.1,2.59,2.39,78.2,28.4,34.96,0.0
2019-10-16,13.7,1.85,4.14,82.0,27.2,34.48,0.0
2019-10-17,12.4,2.58,8.19,85.0,26.3,33.69,0.0
2019-10-18,15.1,2.37,1.87,83.9,26.7,32.87,0.0
2019-10-19,13.9,2.2,7.54,88.0,25.8,32.42,0.0
2019-10-20,13.0,1.36,2.71,87.9,26.0,34.72,0.0
2019-10-21,9.3,2.49,3.51,88.1,25.9,34.22,0.0
2019-10-22,10.1,2.2,8.38,85.3,26.0,33.98,2546.296296296324
2019-10-23,5.1,2.68,1.54,88.7,25.8,34.39,810.185185185147
2019-10-24,14.5,1.96,3.44,80.2,27.2,33.83,0.0
2019-10-25,10.7,2.12,10.19,81.1,26.9,35.12,0.0
2019-10-26,15.7,2.32,2.96,82.3,27.5,35.14,347.2222222221933
2019-10-27,15.6,2.51,0.02,83.9,27.0,37.22,347.22222222223496
2019-10-28,17.3,2.54,1.5,81.8,27.7,35.51,694.4444444444295
2019-10-29,16.0,2.41,3.22,83.7,26.9,34.09,462.9629629629942
2019-10-30,11.9,1.92,0.07,86.2,25.8,33.55,0.0
2019-10-31,11.0,2.21,0.34,88.0,25.8,32.49,0.0
2019-11-01,15.3,2.11,0.22,81.1,27.3,31.46,0.0
2019-11-02,18.0,2.35,1.25,79.9,27.6,30.38,0.0
2019-11-03,15.5,1.81,0.0,81.9,27.4,30.04,0.0
2019-11-04,18.4,2.33,0.0,73.3,28.4,29.09,0.0
2019-11-05,18.8,2.32,0.9,71.7,27.8,28.23,0.0
2019-11-06,18.1,2.22,0.94,74.3,27.3,27.72,578.7037037037118
2019-11-07,17.7,2.31,0.12,74.9,27.2,26.9,0.0
2019-11-08,18.1,2.16,0.0,72.5,27.4,26.17,462.9629629629942
2019-11-09,18.9,2.23,0.0,70.4,27.3,25.45,925.9259259259064
2019-11-10,20.1,2.19,0.0,72.1,26.7,24.78,231.4814814814757
2019-11-11,16.8,2.18,0.0,72.4,26.6,24.14,0.0
2019-11-12,17.3,2.11,0.79,76.2,26.3,23.55,0.0
2019-11-13,16.7,1.73,0.01,76.1,26.2,23.16,810.1851851851874
2019-11-14,11.9,1.85,0.23,78.3,25.7,22.69,0.0
2019-11-15,10.5,1.78,0.0,78.4,26.2,22.24,123611.11111111112
2019-11-16,14.5,2.14,0.0,77.7,26.4,21.77,0.0
2019-11-17,19.1,2.11,0.08,73.2,26.9,21.36,0.0
2019-11-18,17.7,2.06,0.04,67.7,27.0,21.0,0.0
2019-11-19,14.8,1.89,0.0,79.1,26.8,20.74,0.0
2019-11-20,15.2,1.89,0.0,79.6,25.9,20.48,0.0
2019-11-21,14.1,1.96,0.0,76.4,25.9,20.23,0.0
2019-11-22,17.1,1.95,0.0,75.7,25.3,19.99,0.0
2019-11-23,17.4,1.9,0.0,74.3,24.6,19.77,0.0
2019-11-24,14.5,1.97,0.0,76.1,24.8,19.56,0.0
2019-11-25,17.0,1.81,0.0,77.5,24.6,19.37,0.0
2019-11-26,15.5,1.87,0.08,77.7,24.4,19.18,0.0
2019-11-27,16.3,1.79,0.1,74.5,24.7,19.0,0.0
2019-11-28,14.3,1.07,0.0,75.2,25.1,18.89,0.0
2019-11-29,13.2,0.85,1.07,78.2,25.6,18.79,0.0
2019-11-30,15.2,0.69,1.21,77.0,25.8,18.95,578.7037037037118
2019-12-01,8.3,0.73,1.95,79.5,25.1,19.1,347.22222222221416
2019-12-02,5.5,0.97,0.15,83.9,24.6,19.68,115.74074074073728
2019-12-03,4.0,1.04,0.0,86.8,24.3,20.11,347.22222222223496
2019-12-04,13.3,1.45,0.0,78.9,24.8,19.51,0.0
2019-12-05,13.0,1.46,0.0,77.8,24.4,18.81,0.0
2019-12-06,12.9,1.47,0.28,75.8,23.9,18.13,0.0
2019-12-07,17.5,1.45,0.03,71.9,23.6,17.47,0.0
2019-12-08,12.2,1.15,0.0,77.1,24.4,17.13,0.0
2019-12-09,13.2,1.41,0.0,77.8,24.2,16.5,0.0
2019-12-10,13.7,1.18,0.0,76.3,24.2,16.11,0.0
2019-12-11,15.9,1.12,0.0,75.7,23.9,15.44,0.0
2019-12-12,12.5,0.8,0.0,79.3,23.5,15.09,0.0
2019-12-13,13.7,1.31,0.0,74.2,24.6,14.52,0.0
2019-12-14,14.4,1.28,0.0,78.4,24.8,13.98,0.0
2019-12-15,14.0,1.24,0.0,78.7,24.3,13.46,0.0
2019-12-16,16.9,1.18,0.0,74.7,24.3,12.98,0.0
2019-12-17,12.5,1.13,0.0,78.4,23.7,12.52,0.0
2019-12-18,11.7,0.69,0.0,78.0,23.7,12.23,0.0
2019-12-19,12.0,1.14,0.0,78.0,23.8,11.78,0.0
2019-12-20,17.2,1.04,0.0,72.8,24.5,11.55,0.0
2019-12-21,16.0,1.1,0.0,72.4,24.0,11.13,0.0
2019-12-22,11.9,1.03,0.0,78.4,23.9,10.74,0.0
2019-12-23,12.9,0.94,0.0,77.0,23.6,9.65,0.0
2019-12-24,12.8,0.94,0.0,76.4,23.7,9.32,0.0
2019-12-25,12.3,0.96,0.0,75.2,24.2,8.99,0.0
2019-12-26,13.8,0.94,0.0,73.4,24.8,8.68,0.0
2019-12-27,10.8,0.91,0.0,74.0,25.1,8.39,0.0
2019-12-28,11.6,0.9,0.0,71.1,23.6,8.11,0.0
2019-12-29,11.4,0.86,0.02,77.8,22.6,7.83,0.0
2019-12-30,13.1,0.81,0.0,75.6,23.2,7.61,0.0
2019-12-31,10.4,0.79,0.0,77.7,23.9,7.37,0.0
2020-01-01,13.5,0.75,1.93,76.8,24.7,7.12,0.0
2020-01-02,11.7,0.76,1.98,80.8,25.0,6.87,0.0
2020-01-03,10.1,0.67,0.05,83.6,24.7,7.58,90740.74074074074
2020-01-04,12.2,0.52,0.3,82.0,24.4,7.4,0.0
2020-01-05,14.0,0.82,0.3,67.5,25.0,7.13,0.0
2020-01-06,7.7,0.75,0.0,68.5,24.8,6.89,0.0
2020-01-07,10.2,0.57,0.0,76.8,25.3,16.06,0.0
2020-01-08,9.8,0.57,0.0,76.8,25.3,15.93,0.0
2020-01-09,11.4,0.56,0.0,74.9,25.1,15.8,0.0
2020-01-10,5.3,0.5,0.0,81.8,23.8,15.68,85763.88888888889
2020-01-11,15.7,0.5,0.0,70.4,23.9,15.57,0.0
2020-01-12,19.4,0.47,0.0,62.8,23.5,15.48,0.0
2020-01-13,19.7,0.47,0.0,57.4,22.9,15.31,0.0
2020-01-14,19.2,0.44,0.0,68.9,23.5,15.21,0.0
2020-01-15,18.2,0.42,0.0,72.2,23.6,15.12,0.0
2020-01-16,19.3,0.4,0.0,71.2,23.8,15.03,0.0
2020-01-17,15.9,0.39,0.0,69.7,24.7,14.94,0.0
2020-01-18,16.1,0.37,0.0,73.0,25.3,14.9,0.0
2020-01-19,12.8,0.35,0.0,72.5,25.4,14.83,0.0
2020-01-20,14.0,0.35,0.0,73.0,25.3,14.75,0.0
2020-01-21,15.3,0.34,0.0,69.6,25.3,14.68,0.0
2020-01-22,18.7,0.32,0.0,73.1,25.1,15.02,0.0
2020-01-23,19.0,0.31,0.0,73.8,24.7,14.55,0.0
2020-01-24,20.3,0.31,0.0,64.5,25.0,14.49,0.0
2020-01-25,18.8,0.29,0.0,66.1,25.5,14.43,0.0
2020-01-26,19.7,0.28,0.0,67.5,25.7,14.39,0.0
2020-01-27,20.2,0.27,0.0,59.9,26.6,14.33,115.74074074075811
2020-01-28,18.0,0.25,0.0,65.3,26.7,14.46,0.0
2020-01-29,17.5,0.23,0.02,70.6,27.1,14.24,0.0
2020-01-30,15.0,0.24,0.0,75.2,26.3,14.2,0.0
2020-01-31,17.9,0.23,0.0,65.5,26.2,14.15,0.0
2020-02-01,17.6,0.22,0.0,68.8,26.3,14.11,0.0
2020-02-02,16.0,0.2,0.0,69.7,26.0,14.08,0.0
2020-02-03,18.3,0.19,0.0,69.4,26.0,14.26,0.0
2020-02-04,18.3,0.19,0.0,66.6,26.5,14.01,0.0
2020-02-05,19.7,0.18,0.0,64.6,26.5,13.98,0.0
2020-02-06,19.8,0.18,0.0,60.6,26.8,13.95,0.0
2020-02-07,19.8,0.09,1.14,66.0,26.8,13.94,0.0
2020-02-08,14.7,0.1,0.93,68.2,26.6,13.92,0.0
2020-02-09,7.6,0.11,0.0,78.5,24.2,14.42,0.0
2020-02-10,12.9,0.19,0.0,80.8,24.1,14.37,0.0
2020-02-11,14.0,0.17,0.0,78.1,25.0,14.33,0.0
2020-02-12,14.5,0.17,0.0,71.5,25.6,14.33,0.0
2020-02-13,22.0,0.17,0.0,59.7,26.4,14.26,0.0
2020-02-14,23.0,0.17,0.0,53.4,25.4,14.22,0.0
2020-02-15,22.6,0.17,0.0,53.7,25.8,14.19,0.0
2020-02-16,22.4,0.16,0.0,54.3,26.7,14.15,0.0
2020-02-17,22.5,0.15,0.0,51.7,26.5,14.12,0.0
2020-02-18,22.9,0.15,0.0,54.6,26.3,14.1,0.0
2020-02-19,22.5,0.14,0.0,60.5,26.5,14.07,0.0
2020-02-20,22.3,0.14,0.0,64.4,26.5,14.04,0.0
2020-02-21,22.9,0.13,0.0,62.1,25.9,14.02,0.0
2020-02-22,23.0,0.13,0.0,63.6,25.8,14.05,0.0
2020-02-23,22.1,0.13,0.0,62.5,25.9,13.98,0.0
2020-02-24,22.9,0.13,0.0,61.0,27.3,13.96,0.0
2020-02-25,16.6,0.11,0.0,65.8,27.2,13.94,0.0
2020-02-26,18.7,0.12,0.0,68.5,26.7,13.92,0.0
2020-02-27,22.8,0.11,0.0,54.7,27.2,13.91,0.0
2020-02-28,18.6,0.11,0.09,66.8,27.1,13.89,0.0
2020-02-29,19.7,0.07,0.7,65.4,27.3,13.88,0.0
2020-03-01,21.6,0.07,0.0,65.7,27.3,15.19,0.0
2020-03-02,14.8,0.2,0.0,64.6,26.9,15.28,0.0
2020-03-03,20.6,0.18,0.0,61.8,28.4,14.95,0.0
2020-03-04,20.1,0.17,0.32,56.4,29.0,14.89,0.0
2020-03-05,20.8,0.18,0.62,65.0,28.4,14.84,0.0
2020-03-06,18.0,0.17,1.57,72.6,28.2,14.79,0.0
2020-03-07,17.2,0.18,0.56,74.3,28.0,14.75,0.0
2020-03-08,18.8,0.17,0.35,73.0,28.2,14.83,0.0
2020-03-09,20.2,0.18,0.0,61.3,28.6,15.22,0.0
2020-03-10,23.5,0.14,0.11,58.7,28.9,15.18,0.0
2020-03-11,20.0,0.12,0.6,65.3,28.6,15.15,0.0
2020-03-12,19.0,0.11,0.0,65.9,28.7,15.11,0.0
2020-03-13,22.8,0.09,0.0,63.3,29.2,15.09,45370.37037037036
2020-03-14,22.3,0.08,0.0,64.5,28.5,15.07,0.0
2020-03-15,24.0,0.19,0.0,63.2,28.4,15.02,0.0
2020-03-16,24.3,0.19,0.0,62.3,28.8,14.97,0.0
2020-03-17,24.5,0.19,0.0,54.4,29.8,14.93,0.0
2020-03-18,24.9,0.18,0.4,53.9,29.8,14.88,0.0
2020-03-19,20.8,0.16,0.71,60.7,29.7,15.06,0.0
2020-03-20,21.0,0.2,0.07,59.7,29.5,15.33,0.0
2020-03-21,22.3,0.23,0.0,67.1,29.5,15.26,0.0
2020-03-22,20.4,0.2,0.0,68.2,29.5,15.2,0.0
2020-03-23,21.4,0.19,0.0,65.6,29.6,15.15,0.0
2020-03-24,23.7,0.18,0.0,60.5,29.7,15.1,39814.81481481481
2020-03-25,23.5,0.12,0.0,57.2,30.1,15.07,0.0
2020-03-26,24.9,0.17,0.0,57.2,29.8,15.02,0.0
2020-03-27,25.7,0.17,0.0,49.0,30.7,14.98,0.0
2020-03-28,25.5,0.16,0.0,42.7,31.2,14.93,0.0
2020-03-29,25.3,0.16,0.0,43.8,31.6,14.89,0.0
2020-03-30,24.2,0.15,0.0,45.0,31.1,14.85,0.0
2020-03-31,25.0,0.15,0.0,46.5,31.7,14.81,0.0
2020-04-01,22.7,0.14,0.05,47.0,32.0,14.78,0.0
2020-04-02,22.9,0.14,0.0,46.9,32.6,14.75,0.0
2020-04-03,20.0,0.13,0.0,51.8,31.4,14.72,0.0
2020-04-04,22.6,0.12,0.0,56.7,30.5,14.69,0.0
2020-04-05,24.8,0.12,3.37,53.8,30.6,15.13,0.0
2020-04-06,23.6,1.1,5.0,60.2,31.0,18.62,0.0
2020-04-07,24.2,3.18,0.1,54.1,31.2,22.5,0.0
2020-04-08,23.5,0.77,0.87,55.1,31.6,21.98,0.0
2020-04-09,22.3,0.73,0.0,67.9,29.0,22.15,0.0
2020-04-10,24.9,0.76,0.0,60.7,29.6,21.66,0.0
2020-04-11,26.2,0.73,0.1,59.0,30.7,21.27,0.0
2020-04-12,24.6,0.67,0.0,54.5,31.6,21.17,0.0
2020-04-13,24.9,0.43,0.0,48.1,31.8,20.95,0.0
2020-04-14,25.8,0.36,0.0,47.5,31.9,20.76,0.0
2020-04-15,26.5,0.36,0.0,48.4,31.6,20.58,0.0
2020-04-16,25.5,0.35,0.44,51.3,32.0,20.41,0.0
2020-04-17,25.4,0.34,0.0,54.8,32.3,21.9,0.0
2020-04-18,24.5,2.89,0.0,57.0,32.2,23.87,0.0
2020-04-19,25.1,0.91,1.99,59.3,31.4,23.32,0.0
2020-04-20,26.0,0.94,0.0,55.9,31.7,27.18,0.0
2020-04-21,24.0,1.18,0.14,56.5,32.1,25.82,0.0
2020-04-22,23.8,1.1,0.0,54.9,32.6,25.25,0.0
2020-04-23,24.6,1.12,0.24,60.7,32.7,24.7,0.0
2020-04-24,23.7,1.27,0.0,61.2,32.7,25.45,0.0
2020-04-25,23.8,1.11,0.26,65.1,32.4,24.85,0.0
2020-04-26,22.7,1.01,1.21,62.3,32.4,24.44,0.0
2020-04-27,23.0,1.01,8.09,67.3,31.5,24.0,0.0
2020-04-28,21.2,1.28,0.0,68.0,30.4,28.81,0.0
2020-04-29,21.9,1.28,0.54,62.9,31.2,26.87,0.0
2020-04-30,23.8,1.28,1.9,54.8,32.6,26.06,0.0
2020-05-01,23.8,1.07,0.65,61.3,31.8,28.36,0.0
2020-05-02,24.5,2.43,0.34,56.2,33.0,28.04,0.0
2020-05-03,24.3,1.39,0.42,56.0,34.0,27.17,0.0
2020-05-04,24.7,1.75,0.36,56.4,34.1,27.33,0.0
2020-05-05,24.4,1.49,3.02,55.0,33.9,27.3,0.0
2020-05-06,24.1,1.63,0.75,58.4,33.5,30.85,0.0
2020-05-07,24.4,3.52,0.0,60.9,32.5,32.15,0.0
2020-05-08,24.2,1.78,0.54,56.4,33.2,30.53,29976.85185185185
2020-05-09,24.5,2.01,0.2,53.8,33.7,29.89,0.0
2020-05-10,24.1,2.17,0.1,52.5,32.4,29.4,0.0
2020-05-11,24.7,1.81,0.55,48.1,32.9,28.65,0.0
2020-05-12,25.7,1.67,0.0,48.8,33.3,27.9,0.0
2020-05-13,26.5,1.69,0.07,53.4,33.1,27.36,0.0
2020-05-14,25.2,1.63,0.0,57.3,33.6,26.76,0.0
2020-05-15,26.0,1.62,3.74,49.2,34.1,26.25,0.0
2020-05-16,23.8,1.43,0.49,54.0,33.6,27.51,0.0
2020-05-17,21.0,2.11,1.4,64.4,31.9,27.0,0.0
2020-05-18,19.3,2.26,0.24,57.2,32.7,0.0,0.0
2020-05-19,22.2,2.1,0.0,47.5,33.5,0.0,0.0
2020-05-20,25.1,1.9,0.01,37.5,34.6,28.94,0.0
2020-05-21,27.6,1.91,0.0,36.5,35.6,28.17,0.0
2020-05-22,27.7,1.8,0.17,36.8,34.4,27.43,0.0
2020-05-23,27.3,1.77,0.0,36.8,35.2,26.77,0.0
2020-05-24,23.9,1.58,0.92,50.5,35.9,26.41,0.0
2020-05-25,24.5,1.66,0.46,58.1,35.4,26.03,0.0
2020-05-26,24.3,1.59,1.35,61.0,34.9,26.23,0.0
2020-05-27,24.1,2.01,0.0,56.1,35.7,26.38,0.0
2020-05-28,26.3,1.62,4.86,51.0,36.2,26.3,0.0
2020-05-29,25.1,1.33,0.01,49.4,36.5,27.53,0.0
2020-05-30,24.5,4.19,12.09,56.4,34.2,28.75,0.0
2020-05-31,20.5,2.56,15.71,63.0,32.9,31.33,0.0
2020-06-01,18.0,3.81,9.37,72.4,30.3,33.76,11342.592592592591
2020-06-02,20.3,3.74,0.06,67.3,31.0,32.88,0.0
2020-06-03,20.2,2.73,0.89,70.2,30.9,31.23,0.0
2020-06-04,21.2,2.39,0.0,58.2,32.0,30.84,0.0
2020-06-05,23.2,2.69,0.0,54.8,32.7,29.74,0.0
2020-06-06,23.9,2.55,0.07,50.0,33.5,28.83,0.0
2020-06-07,23.3,2.43,0.0,52.4,33.2,28.05,0.0
2020-06-08,20.7,2.37,2.31,49.9,33.8,27.33,0.0
2020-06-09,22.3,2.85,9.14,49.2,33.9,27.72,0.0
2020-06-10,14.8,4.1,7.84,64.6,30.5,31.68,115.74074074073728
2020-06-11,5.1,3.24,0.74,83.5,27.1,32.39,0.0
2020-06-12,9.3,1.38,0.0,80.9,27.7,33.38,0.0
2020-06-13,18.1,2.59,7.22,64.7,30.2,31.91,0.0
2020-06-14,17.4,1.44,2.14,60.9,31.6,31.96,0.0
2020-06-15,16.6,2.6,9.64,62.7,31.5,31.68,0.0
2020-06-16,11.9,4.36,11.53,65.0,30.7,36.35,0.0
2020-06-17,15.2,3.8,2.0,67.0,30.0,35.05,0.0
2020-06-18,9.4,3.27,0.55,69.8,29.3,34.15,115.74074074074304
2020-06-19,8.5,2.96,0.67,74.3,29.3,33.03,0.0
2020-06-20,22.0,2.69,0.84,64.0,31.2,32.47,0.0
2020-06-21,12.9,2.73,6.3,65.3,30.2,31.91,0.0
2020-06-22,13.0,2.42,0.33,64.8,30.6,31.69,0.0
2020-06-23,21.4,2.97,4.13,66.2,30.5,30.97,115.74074074074304
2020-06-24,21.8,2.83,0.42,67.9,30.9,32.25,0.0
2020-06-25,22.7,3.19,0.55,68.2,31.0,31.24,0.0
2020-06-26,20.9,2.81,20.11,64.7,31.3,30.18,0.0
2020-06-27,19.9,2.81,6.87,66.0,31.4,33.54,0.0
2020-06-28,18.8,4.63,17.52,75.7,29.6,34.83,0.0
2020-06-29,16.7,4.32,3.06,76.4,30.1,36.43,115.74074074074304
2020-06-30,19.3,2.39,1.46,78.5,29.4,35.83,115.74074074073728
2020-07-01,18.1,1.69,22.84,74.4,85.5,34.39,231.4814814814815
2020-07-02,14.3,3.2,3.91,72.5,85.2,34.76,0.0
2020-07-03,16.8,4.0,5.04,69.9,86.1,35.77,231.4814814814815
2020-07-04,5.5,2.5,6.68,83.2,81.0,34.55,115.74074074073728
2020-07-05,4.6,3.1,0.65,84.7,79.8,36.8,115.74074074074304
2020-07-06,9.2,3.64,4.39,80.8,81.4,36.36,0.0
2020-07-07,16.1,4.38,9.06,67.8,86.1,34.97,0.0
2020-07-08,17.6,3.74,3.6,72.6,85.3,36.12,0.0
2020-07-09,9.7,2.49,5.41,80.7,82.6,36.08,115.74074074074304
2020-07-10,12.5,4.03,6.57,76.1,82.9,35.56,115.74074074073728
2020-07-11,18.2,4.23,2.29,74.3,84.4,35.35,115.74074074074304
2020-07-12,20.3,4.12,19.03,73.7,84.6,37.42,115.74074074073728
2020-07-13,14.9,4.55,21.78,79.3,83.5,37.85,115.74074074074304
2020-07-14,11.0,2.4,22.88,81.2,82.2,38.09,0.0
2020-07-15,6.1,2.18,2.66,89.2,79.0,38.63,1388.88888888889
2020-07-16,9.1,2.56,1.79,83.0,80.5,36.44,3356.4814814814813
2020-07-17,11.1,2.43,4.04,76.5,83.0,35.39,4976.851851851849
2020-07-18,17.2,3.62,8.33,76.7,83.9,33.79,5092.592592592591
2020-07-19,18.5,3.33,20.73,77.2,84.2,34.05,3356.4814814814813
2020-07-20,16.6,4.11,0.52,80.3,83.8,35.69,2314.8148148148157
2020-07-21,21.8,3.57,7.81,77.1,84.6,34.01,3124.999999999995
2020-07-22,17.8,3.29,1.99,78.3,85.3,36.79,3935.1851851851934
2020-07-23,5.3,2.94,16.05,88.1,79.4,38.57,2893.5185185185187
2020-07-24,14.3,3.42,0.89,83.2,81.1,38.89,2777.7777777777696
2020-07-25,11.5,2.58,0.16,82.6,81.2,37.96,3472.2222222222304
2020-07-26,23.8,3.83,0.05,69.9,84.8,36.44,3124.999999999995
2020-07-27,23.2,3.89,7.69,68.3,85.9,34.89,1967.5925925925917
2020-07-28,17.9,3.22,11.24,74.5,84.8,36.57,1504.6296296296284
2020-07-29,13.6,3.85,7.56,79.6,83.1,35.77,0.0
2020-07-30,20.5,3.22,3.22,77.3,84.9,36.4,0.0
2020-07-31,19.1,4.28,13.23,81.3,84.3,35.77,0.0
2020-08-01,20.7,3.94,3.11,80.3,83.8,36.3,462.962962962963
2020-08-02,20.6,4.17,14.43,73.2,84.9,35.63,231.4814814814757
2020-08-03,10.5,3.67,1.22,74.4,83.4,36.52,462.962962962963
2020-08-04,5.2,2.24,5.39,80.3,81.5,35.47,0.0
2020-08-05,9.9,1.58,2.97,78.7,81.6,35.48,0.0
2020-08-06,17.8,4.17,0.18,74.4,84.4,33.59,0.0
2020-08-07,15.2,3.85,0.0,72.0,85.7,32.19,347.22222222221416
2020-08-08,19.8,3.95,25.05,67.1,87.0,30.95,4861.1111111111095
2020-08-09,11.9,3.54,6.69,73.1,83.7,36.57,9606.481481481484
2020-08-10,5.6,2.94,12.37,85.7,79.0,36.44,9606.481481481484
2020-08-11,16.9,3.19,3.5,74.0,83.3,36.33,7407.407407407414
2020-08-12,9.8,2.1,16.18,77.3,81.9,39.23,3472.222222222209
2020-08-13,4.4,2.35,22.81,86.4,78.4,39.06,1157.4074074074235
2020-08-14,4.5,2.24,30.06,88.3,77.2,39.59,4629.629629629613
2020-08-15,4.8,2.07,13.57,90.6,76.4,39.92,6597.222222222225
2020-08-16,6.2,2.3,4.44,89.8,77.1,39.92,6597.222222222225
2020-08-17,12.5,3.42,9.02,84.0,80.0,39.74,9027.77777777777
2020-08-18,17.3,4.29,12.08,73.7,83.3,39.25,13541.666666666686
2020-08-19,5.2,3.08,12.22,85.0,79.5,39.18,14004.62962962962
2020-08-20,4.0,2.26,4.19,88.0,78.3,39.87,8796.296296296294
2020-08-21,10.4,3.48,0.41,79.3,81.4,38.49,6828.703703703703
2020-08-22,14.5,4.24,5.97,77.0,82.7,36.04,6249.99999999999
2020-08-23,16.8,3.82,0.13,75.8,83.6,35.53,578.7037037037118
2020-08-24,18.2,4.18,0.49,72.4,84.3,33.91,1620.370370370376
2020-08-25,21.2,4.36,0.88,72.1,85.1,32.2,1967.592592592612
2020-08-26,13.1,3.37,2.04,76.2,83.6,34.4,1504.629629629618
2020-08-27,11.5,3.28,2.36,77.7,81.9,35.18,578.7037037037118
2020-08-28,18.3,4.05,0.64,72.0,83.7,33.86,115.74074074071758
2020-08-29,19.4,2.01,1.04,69.6,85.2,33.22,462.9629629629526
2020-08-30,22.8,4.38,0.06,70.1,85.7,30.84,0.0
2020-08-31,23.7,4.44,8.68,69.4,86.1,29.69,0.0
2020-09-01,20.4,3.74,11.0,72.2,85.6,35.77,0.0
2020-09-02,13.7,4.22,0.91,81.6,82.6,38.24,0.0
2020-09-03,19.4,4.44,1.56,79.7,83.4,36.85,0.0
2020-09-04,18.1,4.15,0.16,77.2,84.5,34.86,0.0
2020-09-05,22.1,4.14,0.1,73.7,85.8,33.16,115.74074074071758
2020-09-06,23.5,4.23,3.04,71.3,86.6,31.72,115.74074074075811
2020-09-07,20.8,4.24,2.08,72.7,86.0,32.82,0.0
2020-09-08,22.1,4.38,2.86,72.4,86.0,32.04,231.4814814814757
2020-09-09,20.6,4.04,1.43,73.1,85.7,31.37,0.0
2020-09-10,18.7,4.05,3.79,72.6,85.6,31.95,347.22222222223496
2020-09-11,19.5,3.55,9.02,75.5,83.9,33.8,578.7037037037118
2020-09-12,16.8,3.91,22.89,71.7,84.1,37.3,231.4814814814757
2020-09-13,7.2,2.56,23.61,86.9,79.1,39.45,578.7037037037118
2020-09-14,9.5,3.13,31.91,88.5,78.6,39.88,0.0
2020-09-15,12.1,3.68,10.09,84.5,81.1,39.87,0.0
2020-09-16,10.6,3.72,6.33,87.3,81.2,39.5,925.9259259259064
2020-09-17,12.1,3.78,30.17,83.6,82.1,38.64,0.0
2020-09-18,17.3,3.8,11.93,83.4,82.1,39.03,0.0
2020-09-19,13.0,3.73,19.67,85.4,81.2,39.91,115.74074074075811
2020-09-20,13.5,2.9,0.25,86.6,80.9,39.99,0.0
2020-09-21,7.6,2.24,0.49,81.4,81.2,38.84,462.9629629629526
2020-09-22,9.5,3.15,0.0,75.8,82.5,36.97,0.0
2020-09-23,16.4,3.52,0.0,72.6,83.1,35.01,462.9629629629526
2020-09-24,15.7,3.97,56.75,70.8,84.5,32.91,115.74074074075811
2020-09-25,15.8,1.65,13.57,77.6,83.9,39.24,810.1851851851874
2020-09-26,6.3,1.74,1.76,89.3,77.4,40.1,0.0
2020-09-27,9.7,1.76,2.55,76.6,80.8,39.52,0.0
2020-09-28,20.4,1.31,14.01,74.2,82.9,39.13,0.0
2020-09-29,16.2,2.22,12.31,79.2,82.5,39.77,578.7037037037118
2020-09-30,12.1,2.14,0.57,79.8,81.3,40.07,1273.1481481481412
2020-10-01,16.6,3.79,0.0,78.1,82.5,36.8,0.0
2020-10-02,21.0,3.89,0.44,73.2,84.4,34.99,0.0
2020-10-03,20.8,3.8,0.53,67.3,85.2,33.24,578.7037037037118
2020-10-04,16.9,3.44,0.0,69.4,83.3,32.01,231.4814814814757
2020-10-05,19.1,3.65,0.03,66.0,84.7,30.89,0.0
2020-10-06,18.3,3.76,0.05,68.6,84.2,29.75,347.22222222223496
2020-10-07,14.3,3.13,0.0,72.1,81.9,28.88,0.0
2020-10-08,14.0,3.45,7.4,79.2,82.2,28.06,0.0
2020-10-09,14.1,3.26,20.3,83.1,82.5,27.33,0.0
2020-10-10,11.1,2.7,14.97,84.9,81.1,29.4,0.0
2020-10-11,6.3,2.93,21.66,88.9,78.8,34.86,578.7037037037118
2020-10-12,8.4,3.66,39.13,87.9,79.2,36.1,462.9629629629526
2020-10-13,3.3,2.79,4.88,92.5,77.0,38.04,0.0
2020-10-14,5.7,3.36,2.06,89.4,78.0,38.67,0.0
2020-10-15,13.0,3.6,0.35,82.7,80.3,37.79,0.0
2020-10-16,16.6,3.43,19.73,79.6,81.6,36.18,694.4444444444295
2020-10-17,16.9,3.58,1.78,77.8,81.9,34.41,3125.000000000036
2020-10-18,17.4,3.13,9.53,84.6,81.4,35.47,231.4814814814757
2020-10-19,17.6,3.59,13.03,78.8,82.6,34.21,347.2222222221933
2020-10-20,3.9,2.85,12.02,90.1,78.6,35.48,0.0
2020-10-21,13.0,3.58,0.14,85.0,81.3,37.37,1736.1111111111356
2020-10-22,21.4,3.91,0.0,75.8,82.7,37.55,578.7037037037118
2020-10-23,21.2,3.72,0.0,71.3,82.2,35.54,0.0
2020-10-24,21.4,3.67,0.0,68.8,81.8,33.68,231.4814814814757
2020-10-25,19.6,3.59,0.0,72.1,81.4,32.16,1041.666666666706
2020-10-26,20.4,3.42,0.0,68.4,81.5,30.91,462.9629629629526
2020-10-27,20.0,3.42,0.0,66.6,80.2,29.85,0.0
2020-10-28,20.5,3.35,0.0,69.4,79.8,28.96,347.22222222223496
2020-10-29,18.7,3.21,0.0,73.6,79.8,28.18,0.0
2020-10-30,18.5,3.0,0.0,66.9,81.9,27.5,347.22222222223496
2020-10-31,20.5,3.08,0.0,62.3,80.5,26.86,0.0
2020-11-01,20.8,2.86,0.0,62.1,79.9,26.28,0.0
2020-11-02,20.5,2.87,0.0,64.8,80.8,25.73,0.0
2020-11-03,19.0,2.69,0.0,66.8,81.7,25.23,694.4444444444699
2020-11-04,19.1,2.57,0.0,61.7,79.7,24.76,0.0
2020-11-05,20.0,2.59,1.32,56.9,78.1,24.29,0.0
2020-11-06,16.1,2.49,0.73,71.9,78.0,23.84,127777.77777777778
2020-11-07,15.4,2.09,0.0,82.0,80.0,24.11,0.0
2020-11-08,20.1,2.64,0.0,71.2,79.0,23.85,115.74074074071758
2020-11-09,21.1,2.18,0.0,55.2,75.5,23.43,0.0
2020-11-10,21.0,2.08,0.4,59.8,73.4,23.03,0.0
2020-11-11,20.7,2.01,1.17,63.0,75.6,22.64,0.0
2020-11-12,9.9,1.51,0.54,84.1,77.5,22.53,0.0
2020-11-13,15.8,1.81,0.0,76.6,79.5,22.57,0.0
2020-11-14,19.6,1.99,1.35,73.7,79.8,22.35,0.0
2020-11-15,14.9,1.63,2.0,74.1,79.1,22.0,0.0
2020-11-16,8.0,1.32,0.48,78.0,78.2,22.36,0.0
2020-11-17,19.3,1.99,0.04,72.5,78.8,22.56,0.0
2020-11-18,15.1,1.61,0.0,78.1,79.0,22.28,0.0
2020-11-19,14.5,1.47,0.0,79.2,80.3,21.86,0.0
2020-11-20,18.8,1.45,0.0,76.1,78.3,21.51,0.0
2020-11-21,19.6,1.4,0.0,61.4,78.8,21.17,0.0
2020-11-22,16.0,1.24,0.0,70.7,79.4,20.86,0.0
2020-11-23,15.0,1.05,0.0,80.1,78.1,20.6,0.0
2020-11-24,16.8,1.04,2.24,65.6,75.3,20.34,0.0
2020-11-25,16.6,0.98,13.73,66.6,75.8,20.1,0.0
2020-11-26,1.9,0.45,11.58,90.4,72.5,21.08,0.0
2020-11-27,4.1,1.15,1.31,91.2,69.9,25.13,0.0
2020-11-28,5.8,2.25,0.17,85.5,72.4,27.94,0.0
2020-11-29,15.0,1.64,0.0,81.1,76.8,27.15,0.0
2020-11-30,18.0,1.64,0.0,76.2,77.3,26.42,0.0
2020-12-01,17.7,1.08,0.0,78.3,76.4,25.95,0.0
2020-12-02,18.1,1.08,0.0,76.8,75.2,25.53,0.0
2020-12-03,17.5,1.03,0.0,73.9,75.1,25.16,0.0
2020-12-04,18.8,0.98,0.0,72.8,75.9,24.82,0.0
2020-12-05,18.9,0.93,0.32,73.2,75.3,24.5,0.0
2020-12-06,18.9,0.9,0.86,74.8,73.9,24.2,0.0
2020-12-07,17.4,0.76,2.43,69.9,76.4,24.07,0.0
2020-12-08,18.4,1.07,0.0,67.7,76.3,24.01,0.0
2020-12-09,18.6,0.97,0.0,68.9,73.9,24.51,0.0
2020-12-10,18.5,0.86,0.0,71.6,73.7,24.03,0.0
2020-12-11,18.7,0.81,0.0,70.8,74.5,23.7,1157.4074074074028
2020-12-12,18.5,0.76,0.0,76.4,73.5,23.41,0.0
2020-12-13,18.4,0.74,0.0,77.4,73.3,23.15,0.0
2020-12-14,17.9,0.71,0.0,75.8,73.9,22.91,0.0
2020-12-15,15.8,0.68,0.0,74.4,74.7,22.68,0.0
2020-12-16,15.0,0.6,0.0,78.2,75.4,22.47,0.0
2020-12-17,16.5,0.6,0.0,76.8,75.8,22.27,0.0
2020-12-18,14.7,0.58,0.0,78.3,75.8,22.07,0.0
2020-12-19,17.3,0.54,0.0,68.7,75.1,21.89,0.0
2020-12-20,18.6,0.51,0.0,64.9,72.8,21.71,0.0
2020-12-21,19.4,0.5,0.0,57.1,70.6,21.54,0.0
2020-12-22,19.3,0.5,0.0,59.8,68.9,21.38,0.0
2020-12-23,18.7,0.48,0.0,71.1,68.8,21.21,0.0
2020-12-24,18.4,0.45,0.0,72.8,71.5,21.06,0.0
2020-12-25,17.5,0.44,0.0,75.3,71.6,20.92,0.0
2020-12-26,17.2,0.43,0.0,74.5,71.9,20.77,0.0
2020-12-27,18.1,0.43,0.0,74.9,72.2,20.63,0.0
2020-12-28,19.0,0.43,0.0,72.6,72.4,20.49,0.0
2020-12-29,17.5,0.41,0.0,74.6,73.2,20.36,0.0
2020-12-30,17.9,0.37,0.02,73.3,73.3,20.23,0.0
2020-12-31,13.3,0.35,1.93,76.5,74.5,20.12,0.0
2021-01-01,14.2,1.05,0.0,73.8,74.6,19.87,0.0
2021-01-02,18.3,0.98,0.0,76.4,72.7,19.64,0.0
2021-01-03,17.8,0.88,0.0,76.1,72.5,20.49,0.0
2021-01-04,18.8,1.18,0.0,74.7,72.4,21.0,0.0
2021-01-05,12.7,0.93,0.0,78.1,75.0,20.76,0.0
2021-01-06,5.9,0.8,0.05,80.3,76.2,20.68,0.0
2021-01-07,14.4,0.75,2.59,75.8,77.5,20.04,0.0
2021-01-08,15.5,0.81,0.04,74.6,77.9,19.83,0.0
2021-01-09,18.2,0.71,0.0,74.0,76.6,19.63,0.0
2021-01-10,18.3,0.76,0.0,71.5,76.5,19.42,0.0
2021-01-11,18.1,0.76,0.0,66.7,76.3,19.22,0.0
2021-01-12,18.0,0.73,0.0,68.5,76.5,19.03,0.0
2021-01-13,18.8,0.67,0.0,70.3,76.7,18.85,0.0
2021-01-14,19.1,0.67,0.0,72.5,76.4,18.67,0.0
2021-01-15,18.8,0.65,0.0,72.1,76.3,18.51,90972.22222222222
2021-01-16,19.4,0.62,0.0,68.1,76.2,18.35,0.0
2021-01-17,19.4,0.61,0.0,70.2,75.4,18.18,0.0
2021-01-18,16.6,0.58,0.0,72.6,75.4,18.03,0.0
2021-01-19,18.1,0.55,0.0,74.1,75.1,17.89,0.0
2021-01-20,20.6,0.53,0.0,60.6,76.6,17.76,0.0
2021-01-21,19.2,0.54,0.0,63.4,77.3,17.63,0.0
2021-01-22,17.4,0.51,0.0,63.8,78.0,17.5,0.0
2021-01-23,19.9,0.49,0.0,71.3,76.9,17.38,0.0
2021-01-24,20.6,0.47,0.0,67.2,77.7,17.26,0.0
2021-01-25,20.9,0.46,0.0,58.1,78.3,17.16,0.0
2021-01-26,20.4,0.44,0.0,59.8,78.1,17.05,0.0
2021-01-27,19.7,0.43,0.0,64.7,77.5,16.83,0.0
2021-01-28,18.0,0.4,0.0,69.2,77.4,16.74,0.0
2021-01-29,19.2,0.39,0.0,68.2,77.9,16.65,0.0
2021-01-30,16.5,0.39,0.0,69.9,77.0,16.56,0.0
2021-01-31,17.0,0.37,0.0,65.7,76.9,16.48,0.0
2021-02-01,18.0,0.34,0.0,70.9,76.4,16.4,0.0
2021-02-02,19.0,0.33,0.0,67.7,75.9,16.33,0.0
2021-02-03,19.7,0.33,0.0,65.0,75.4,16.26,0.0
2021-02-04,20.8,0.32,0.0,61.5,74.6,16.19,0.0
2021-02-05,21.9,0.31,0.0,58.9,74.6,16.13,0.0
2021-02-06,21.7,0.3,0.0,59.9,75.5,16.06,0.0
2021-02-07,22.0,0.29,0.0,56.1,75.9,16.01,0.0
2021-02-08,21.8,0.28,0.0,54.3,74.0,15.95,0.0
2021-02-09,21.6,0.27,0.0,63.6,75.5,15.9,0.0
2021-02-10,22.2,0.26,0.0,59.9,75.5,15.85,0.0
2021-02-11,22.4,0.26,0.0,61.3,75.6,15.8,0.0
2021-02-12,22.4,0.25,0.0,63.3,76.1,15.76,0.0
2021-02-13,22.6,0.25,0.0,61.4,76.5,15.72,0.0
2021-02-14,22.9,0.25,0.0,54.3,76.9,15.68,0.0
2021-02-15,22.8,0.24,0.0,51.2,78.0,15.63,0.0
2021-02-16,22.9,0.23,0.0,50.3,78.8,15.6,0.0
2021-02-17,22.8,0.23,0.0,56.3,77.6,15.57,0.0
2021-02-18,20.3,0.21,0.0,65.2,76.9,15.53,0.0
2021-02-19,15.7,0.16,0.0,67.6,74.7,15.51,0.0
2021-02-20,18.7,0.18,1.06,59.0,75.7,16.07,0.0
2021-02-21,18.2,0.62,0.52,73.3,76.8,16.13,0.0
2021-02-22,20.9,0.26,0.6,69.9,79.1,16.36,0.0
2021-02-23,22.7,0.32,0.02,57.7,80.5,16.28,0.0
2021-02-24,23.6,0.28,0.0,55.3,79.6,16.2,0.0
2021-02-25,23.9,0.27,0.0,52.9,80.0,16.12,0.0
2021-02-26,23.6,0.26,0.0,49.4,81.7,16.06,0.0
2021-02-27,22.4,0.25,0.0,49.1,82.2,15.99,0.0
2021-02-28,24.2,0.24,0.0,46.4,83.2,15.93,0.0
2021-03-01,22.4,0.62,0.0,51.4,82.6,8.42,0.0
2021-03-02,20.4,0.6,0.0,58.2,81.1,8.39,0.0
2021-03-03,24.4,0.59,0.0,51.6,82.0,8.36,0.0
2021-03-04,24.9,0.58,0.0,47.9,81.4,8.33,0.0
2021-03-05,25.1,0.57,0.0,43.5,82.1,8.3,0.0
2021-03-06,25.1,0.56,0.0,43.3,81.0,8.28,0.0
2021-03-07,25.1,0.55,0.0,47.1,82.9,8.26,0.0
2021-03-08,25.0,0.54,0.0,55.7,82.1,8.24,0.0
2021-03-09,25.1,0.52,0.0,61.0,81.1,8.22,0.0
2021-03-10,25.2,0.51,0.0,59.6,81.1,8.2,0.0
2021-03-11,25.4,0.49,0.0,60.8,81.6,8.2,0.0
2021-03-12,25.5,0.49,0.0,57.9,81.7,8.19,0.0
2021-03-13,26.3,0.47,0.0,45.2,80.4,8.19,0.0
2021-03-14,25.8,0.48,0.0,46.3,81.3,8.17,0.0
2021-03-15,25.6,0.46,0.0,47.2,82.4,8.16,0.0
2021-03-16,24.9,0.17,0.0,54.6,83.4,15.66,0.0
2021-03-17,23.7,0.16,0.0,54.8,84.3,15.64,0.0
2021-03-18,24.4,0.16,0.0,58.4,83.3,15.61,0.0
2021-03-19,25.1,0.15,0.0,58.2,82.2,15.6,0.0
2021-03-20,25.4,0.16,0.0,53.7,82.1,15.58,0.0
2021-03-21,25.5,0.15,0.0,54.3,83.4,15.57,0.0
2021-03-22,24.8,0.15,0.0,49.1,85.4,15.54,0.0
2021-03-23,25.8,0.14,0.0,48.3,84.4,15.52,0.0
2021-03-24,25.0,0.14,0.0,47.9,85.1,15.5,0.0
2021-03-25,23.9,0.13,0.0,50.1,86.1,15.49,0.0
2021-03-26,25.1,0.15,0.0,50.0,86.6,15.47,0.0
2021-03-27,25.3,0.13,0.11,48.6,87.6,15.54,0.0
2021-03-28,25.1,0.16,0.03,53.5,86.8,15.53,0.0
2021-03-29,26.2,0.15,0.0,52.8,87.7,15.5,0.0
2021-03-30,26.1,0.14,0.0,48.3,88.8,15.49,0.0
2021-03-31,27.1,0.14,0.0,38.0,87.8,15.46,0.0
2021-04-01,26.9,0.13,0.0,36.4,88.2,15.46,0.0
2021-04-02,26.8,0.14,0.0,37.7,88.6,15.43,0.0
2021-04-03,24.7,0.13,0.0,41.5,88.1,15.41,0.0
2021-04-04,25.6,0.13,0.0,59.0,88.5,15.39,0.0
2021-04-05,25.3,0.12,0.0,62.6,87.8,15.37,0.0
2021-04-06,26.1,0.12,0.0,62.6,88.2,15.37,0.0
2021-04-07,25.2,0.12,0.0,58.6,87.4,15.36,0.0
2021-04-08,24.2,0.12,0.0,56.3,87.8,15.37,0.0
2021-04-09,23.8,0.14,0.0,59.8,87.3,15.35,0.0
2021-04-10,24.7,0.13,0.0,58.5,86.2,15.35,0.0
2021-04-11,24.6,0.11,0.0,64.1,85.0,15.33,0.0
2021-04-12,23.4,0.11,0.0,59.9,86.1,15.37,0.0
2021-04-13,23.2,0.14,0.0,61.3,86.3,15.37,0.0
2021-04-14,23.6,0.28,5.88,63.6,84.1,18.23,0.0
2021-04-15,23.4,1.58,5.85,63.6,84.4,19.1,0.0
2021-04-16,24.5,0.69,3.38,57.0,86.9,19.58,0.0
2021-04-17,25.9,0.6,0.31,59.9,88.3,19.15,0.0
2021-04-18,22.6,0.54,0.0,56.5,88.8,18.87,0.0
2021-04-19,22.0,0.49,0.44,54.3,89.6,18.85,0.0
2021-04-20,23.4,0.62,0.49,58.7,89.3,18.78,0.0
2021-04-21,23.0,0.73,0.57,64.1,88.3,19.36,0.0
2021-04-22,24.8,0.91,3.29,60.9,88.4,19.23,0.0
2021-04-23,22.6,1.04,1.62,63.5,87.1,21.5,0.0
2021-04-24,23.5,1.68,3.04,54.7,88.6,22.05,0.0
2021-04-25,25.8,0.74,0.0,54.5,89.9,21.68,0.0
2021-04-26,23.9,0.77,0.0,49.5,89.5,21.32,0.0
2021-04-27,25.3,0.73,0.0,50.3,89.7,21.0,0.0
2021-04-28,24.8,0.65,0.14,46.8,90.1,20.8,0.0
2021-04-29,25.1,0.76,0.86,50.7,90.1,20.83,0.0
2021-04-30,26.1,0.71,0.35,54.0,89.3,20.72,0.0
2021-05-01,24.6,0.76,0.17,55.7,88.8,20.74,0.0
2021-05-02,25.9,0.62,0.1,56.9,87.8,20.58,0.0
2021-05-03,25.3,0.64,0.0,58.7,87.4,20.32,0.0
2021-05-04,24.4,0.54,0.15,57.1,88.7,20.33,0.0
2021-05-05,24.3,0.86,1.85,57.3,89.3,20.79,0.0
2021-05-06,23.4,0.76,1.53,60.4,88.9,21.37,0.0
2021-05-07,23.9,0.65,0.0,59.0,89.7,21.08,0.0
2021-05-08,24.1,0.63,0.0,58.1,90.0,20.81,0.0
2021-05-09,24.3,0.55,0.0,57.0,90.6,20.85,0.0
2021-05-10,24.5,0.58,0.0,56.9,91.4,20.6,0.0
2021-05-11,22.8,0.51,0.55,62.0,89.7,20.66,0.0
2021-05-12,25.3,2.31,9.26,60.2,89.0,24.7,0.0
2021-05-13,23.0,1.0,0.78,60.7,89.8,24.13,0.0
2021-05-14,23.0,0.97,2.24,60.0,90.1,24.35,0.0
2021-05-15,21.1,0.95,1.24,68.6,87.9,23.99,0.0
2021-05-16,15.0,0.81,2.25,75.7,85.5,25.68,0.0
2021-05-17,21.8,1.96,2.2,68.9,88.3,25.61,0.0
2021-05-18,21.6,1.11,1.25,63.9,89.5,25.28,0.0
2021-05-19,23.6,1.02,0.42,62.6,90.2,25.19,0.0
2021-05-20,22.4,1.94,6.52,64.7,87.6,27.94,0.0
2021-05-21,22.6,1.61,2.23,61.8,88.4,27.74,0.0
2021-05-22,14.1,1.16,12.77,62.3,87.7,27.0,0.0
2021-05-23,23.3,2.12,4.03,52.9,90.6,27.19,0.0
2021-05-24,22.3,2.12,6.24,53.4,89.9,30.25,0.0
2021-05-25,21.7,1.63,0.0,44.8,91.5,28.64,115.74074074074304
2021-05-26,23.8,1.66,0.85,41.3,92.8,27.81,0.0
2021-05-27,25.7,1.42,2.8,46.8,91.3,28.23,0.0
2021-05-28,23.0,1.61,0.2,53.9,90.9,27.39,0.0
2021-05-29,21.8,1.48,0.09,58.8,90.3,26.71,0.0
2021-05-30,24.7,1.36,2.6,54.9,91.6,27.41,0.0
2021-05-31,23.3,1.43,0.12,55.2,91.5,26.62,0.0
2021-06-01,23.1,1.58,1.59,62.4,89.7,26.21,0.0
2021-06-02,22.5,1.92,3.12,68.8,87.3,26.51,0.0
2021-06-03,16.0,2.5,21.75,74.8,83.5,31.3,0.0
2021-06-04,22.3,2.74,2.28,64.6,86.6,29.44,0.0
2021-06-05,22.5,2.18,3.49,67.1,87.0,29.23,115.74074074073728
2021-06-06,22.3,4.19,9.7,68.6,86.6,30.13,115.74074074074304
2021-06-07,22.5,2.24,0.77,62.0,88.5,28.93,0.0
2021-06-08,20.7,2.33,0.0,55.7,89.7,27.96,0.0
2021-06-09,14.6,2.0,0.35,62.7,87.6,27.34,0.0
2021-06-10,14.7,1.81,0.07,62.0,86.4,26.77,0.0
2021-06-11,5.6,2.92,3.92,72.8,82.2,27.7,24189.814814814818
2021-06-12,12.2,1.94,0.28,65.2,85.6,26.98,694.4444444444445
2021-06-13,10.1,1.8,6.57,72.1,83.9,28.08,810.1851851851874
2021-06-14,15.5,2.4,4.41,68.8,84.1,28.38,578.7037037037014
2021-06-15,12.9,1.94,0.5,69.5,84.5,27.97,347.22222222221995
2021-06-16,13.7,2.04,0.54,70.1,84.8,27.5,347.22222222222456
2021-06-17,7.6,2.19,2.32,76.0,82.9,27.98,347.22222222221995
2021-06-18,12.1,2.4,4.31,66.6,85.2,28.8,115.74074074074304
2021-06-19,16.0,1.78,0.76,64.0,85.6,27.9,115.74074074073728
2021-06-20,16.3,1.95,0.0,62.6,86.4,27.13,0.0
2021-06-21,23.1,2.03,0.0,58.4,88.3,26.38,0.0
2021-06-22,17.6,1.82,0.0,59.0,88.1,25.76,0.0
2021-06-23,15.9,1.53,0.0,61.7,87.6,25.26,0.0
2021-06-24,23.3,1.51,0.65,66.4,84.7,25.09,0.0
2021-06-25,16.2,1.82,1.36,61.2,86.6,25.72,347.22222222221995
2021-06-26,17.5,1.83,0.75,63.2,86.4,25.28,694.4444444444445
2021-06-27,10.0,1.18,21.4,78.9,81.1,31.17,1157.4074074074074
2021-06-28,16.2,3.87,9.3,72.4,84.1,31.37,810.1851851851827
2021-06-29,19.6,2.4,0.26,63.5,87.1,29.6,925.925925925926
2021-06-30,23.4,2.31,0.42,62.5,88.4,28.58,231.4814814814815
2021-07-01,15.5,2.76,0.01,69.0,86.2,27.79,0.0
2021-07-02,10.6,2.27,6.01,75.0,83.1,28.08,0.0
2021-07-03,17.0,2.96,0.5,64.4,86.2,28.12,0.0
2021-07-04,20.9,2.71,2.12,62.8,87.6,26.95,0.0
2021-07-05,19.5,2.95,4.37,67.4,86.6,27.05,0.0
2021-07-06,21.5,3.07,6.53,69.8,86.4,28.42,0.0
2021-07-07,16.6,3.31,1.58,73.2,85.7,27.92,0.0
2021-07-08,10.2,2.96,14.58,80.5,81.9,33.48,0.0
2021-07-09,14.8,3.42,1.41,77.8,83.6,30.92,0.0
2021-07-10,16.6,2.65,2.97,75.7,83.8,30.2,0.0
2021-07-11,4.9,2.2,12.2,82.7,81.6,30.79,0.0
2021-07-12,8.9,2.98,5.55,83.5,81.1,32.31,0.0
2021-07-13,5.6,3.14,16.12,84.9,79.5,33.12,0.0
2021-07-14,5.5,3.41,13.17,86.1,78.9,34.41,0.0
2021-07-15,7.5,3.72,13.78,84.9,80.4,33.81,0.0
2021-07-16,15.1,3.76,23.22,82.0,82.3,35.18,694.4444444444445
2021-07-17,16.8,4.66,21.65,81.3,83.6,34.82,1851.8518518518483
2021-07-18,18.6,3.37,5.44,82.9,83.0,33.44,3587.962962962963
2021-07-19,15.8,3.6,11.88,74.9,83.5,33.71,5555.555555555556
2021-07-20,12.9,3.24,2.04,71.0,84.0,32.23,7175.925925925927
2021-07-21,4.0,2.29,5.11,86.6,78.1,35.07,6365.740740740739
2021-07-22,3.1,3.06,23.84,89.4,76.2,38.04,4282.407407407409
2021-07-23,11.5,4.73,12.88,81.4,79.7,36.96,5787.037037037037
2021-07-24,17.8,4.2,4.33,72.8,83.5,34.92,11921.2962962963
2021-07-25,18.6,3.58,0.41,69.9,85.3,33.33,16782.40740740741
2021-07-26,18.7,3.82,0.8,67.0,85.9,31.97,19444.44444444444
2021-07-27,16.6,3.85,0.0,63.1,86.3,30.54,16087.962962962967
2021-07-28,16.7,3.76,0.01,62.8,85.9,29.35,17129.629629629613
2021-07-29,12.8,2.96,0.04,67.1,84.4,28.54,9143.51851851853
2021-07-30,15.8,3.13,0.2,66.2,84.8,27.92,7291.666666666656
2021-07-31,9.9,2.38,2.01,68.5,83.9,27.88,8564.814814814818
2021-08-01,17.8,4.32,0.83,64.7,85.2,27.86,11689.814814814812
2021-08-02,18.4,4.24,0.0,64.6,85.3,26.97,8217.592592592602
2021-08-03,17.4,4.15,0.19,65.9,85.5,26.24,1273.1481481481412
2021-08-04,17.5,3.89,0.0,65.6,86.4,25.5,1504.629629629618
2021-08-05,17.5,3.51,1.71,65.8,86.0,25.46,1041.6666666666645
2021-08-06,20.6,3.81,0.31,64.8,86.5,24.86,0.0
2021-08-07,23.0,3.7,0.14,64.9,87.1,24.12,578.7037037037118
2021-08-08,21.4,3.28,1.77,70.6,86.2,24.35,0.0
2021-08-09,21.0,3.27,1.65,67.1,87.2,23.61,1388.888888888859
2021-08-10,19.8,2.97,0.11,67.8,86.7,23.07,694.4444444444699
2021-08-11,21.0,2.84,0.0,67.6,86.6,22.48,347.2222222221933
2021-08-12,18.2,2.69,1.33,70.9,85.5,22.16,0.0
2021-08-13,16.8,2.77,11.91,74.9,83.6,25.33,0.0
2021-08-14,15.9,3.41,0.58,71.4,84.5,24.66,0.0
2021-08-15,10.6,2.52,0.36,69.1,84.4,23.99,0.0
2021-08-16,6.2,2.28,11.87,86.7,79.0,30.31,0.0
2021-08-17,6.7,3.13,6.72,86.3,79.3,31.43,0.0
2021-08-18,12.9,3.61,7.14,80.0,81.4,31.12,0.0
2021-08-19,13.2,3.33,3.08,71.6,83.7,30.08,0.0
2021-08-20,15.2,3.17,0.93,73.0,83.3,29.7,231.48148148149653
2021-08-21,12.4,2.97,0.01,83.2,81.0,28.94,0.0
2021-08-22,20.4,3.84,4.27,74.4,83.4,29.36,0.0
2021-08-23,21.3,4.2,5.28,72.8,84.4,29.97,0.0
2021-08-24,22.2,4.15,4.27,70.2,85.5,29.68,0.0
2021-08-25,20.7,3.83,2.38,74.3,84.9,28.66,0.0
2021-08-26,17.0,,7.94,80.3,82.5,,0.0
2021-08-27,15.6,3.31,2.5,82.2,81.9,29.75,0.0
2021-08-28,11.4,2.63,6.85,84.8,80.4,32.39,0.0
2021-08-29,17.3,4.1,10.09,82.6,81.1,33.18,0.0
2021-08-30,9.8,3.28,21.86,85.6,79.1,35.74,0.0
2021-08-31,14.2,3.97,6.5,82.9,80.3,34.53,0.0
2021-09-01,15.6,3.82,1.54,86.6,80.6,32.84,925.925925925926
2021-09-02,19.1,4.11,0.17,80.2,82.8,31.35,0.0
2021-09-03,17.4,3.56,8.27,82.8,81.4,32.59,0.0
2021-09-04,15.8,4.21,12.97,83.1,81.2,34.69,0.0
2021-09-05,13.2,4.46,17.87,82.0,80.9,36.17,0.0
2021-09-06,5.0,3.2,7.69,86.1,79.0,35.79,3240.740740740732
2021-09-07,7.9,3.56,7.61,82.2,79.2,36.65,4282.407407407419
2021-09-08,17.7,4.04,2.19,71.7,82.9,34.69,6018.518518518514
2021-09-09,16.2,4.34,0.58,70.9,84.0,32.96,4282.407407407399
2021-09-10,15.1,4.26,0.0,69.2,84.6,31.38,2083.3333333333508
2021-09-11,12.8,3.6,3.13,68.7,84.7,31.06,2662.037037037021
2021-09-12,14.3,3.66,1.27,70.2,84.1,30.26,3125.000000000015
2021-09-13,12.8,3.78,0.42,71.2,84.5,29.33,2546.2962962963034
2021-09-14,15.1,3.58,7.02,74.4,83.7,30.58,2314.8148148148066
2021-09-15,18.4,4.03,2.34,70.1,84.5,29.77,3356.4814814814713
2021-09-16,21.9,3.66,0.0,69.1,84.6,28.74,4166.66666666666
2021-09-17,20.8,3.94,0.0,69.6,84.0,27.81,2546.296296296324
2021-09-18,21.0,3.53,0.0,70.1,83.9,27.01,0.0
2021-09-19,15.7,3.38,0.19,72.9,83.3,26.37,115.74074074071758
2021-09-20,14.1,3.73,2.3,80.9,81.6,27.13,0.0
2021-09-21,15.1,3.16,7.0,82.4,81.2,28.29,0.0
2021-09-22,14.5,3.35,7.12,80.8,81.5,28.85,0.0
2021-09-23,8.6,,7.57,80.9,81.6,,0.0
2021-09-24,16.5,3.13,4.09,76.2,83.3,28.98,0.0
2021-09-25,15.7,3.14,0.25,76.9,83.6,28.2,0.0
2021-09-26,14.9,3.17,5.71,76.0,82.7,29.54,0.0
2021-09-27,4.1,2.36,1.12,87.6,79.2,29.01,694.4444444444699
2021-09-28,10.9,2.78,15.18,80.1,80.8,33.24,0.0
2021-09-29,16.5,3.42,1.79,75.3,82.3,31.59,1273.1481481481817
2021-09-30,18.3,3.4,0.69,76.3,83.4,30.41,3124.999999999995
2021-10-01,20.5,2.84,0.4,80.5,83.7,29.49,810.1851851851874
2021-10-02,18.8,2.95,1.15,76.9,84.4,28.52,0.0
2021-10-03,20.1,2.75,0.17,75.1,84.6,27.7,0.0
2021-10-04,20.4,2.85,0.34,75.6,84.6,27.15,0.0
2021-10-05,19.4,2.38,3.61,80.4,83.1,28.93,0.0
2021-10-06,17.0,2.8,1.82,81.2,82.7,28.57,0.0
2021-10-07,16.2,2.69,3.66,77.8,83.5,29.63,347.22222222223496
2021-10-08,19.2,2.89,1.44,77.7,84.6,28.69,115.74074074071758
2021-10-09,18.3,2.6,28.35,78.8,82.3,35.58,2430.5555555555648
2021-10-10,18.5,3.7,7.37,77.3,83.3,33.37,3819.444444444424
2021-10-11,21.6,3.47,5.77,66.0,83.8,33.2,2199.074074074088
2021-10-12,21.1,3.74,0.0,67.9,82.5,31.38,0.0
2021-10-13,18.9,3.54,1.59,70.8,82.6,30.34,115.74074074075811
2021-10-14,19.3,3.21,0.36,66.7,84.0,29.54,347.22222222223496
2021-10-15,18.9,,0.2,66.0,83.5,,231.4814814814757
2021-10-16,3.0,,0.0,89.6,78.5,,347.2222222221933
2021-10-17,16.4,,9.78,79.9,82.4,,0.0
2021-10-18,20.5,,0.13,73.9,83.4,,0.0
2021-10-19,16.9,,0.0,70.2,83.5,,0.0
2021-10-20,20.0,,0.16,70.1,82.8,,0.0
2021-10-21,20.3,,0.59,67.9,82.8,,0.0
2021-10-22,21.1,,2.35,65.6,82.0,,0.0
2021-10-23,21.3,,0.17,65.0,80.8,,0.0
2021-10-24,15.5,,0.85,72.7,80.1,,0.0
2021-10-25,19.0,,0.45,74.3,79.5,,0.0
2021-10-26,20.0,,0.0,64.5,79.7,,0.0
2021-10-27,21.5,,0.0,63.8,78.9,,0.0
2021-10-28,18.0,,0.0,64.7,79.1,,0.0
2021-10-29,14.1,,0.1,72.8,79.3,,0.0
2021-10-30,13.8,,5.71,84.6,79.6,,0.0
2021-10-31,16.2,,2.6,82.3,80.2,,0.0
2021-11-01,12.2,,1.76,84.8,77.5,,0.0
2021-11-02,9.8,,1.76,84.7,78.1,,0.0
2021-11-03,7.8,,2.04,86.9,78.0,,0.0
2021-11-04,15.7,,2.76,83.8,78.8,,0.0
2021-11-05,15.3,,1.27,79.5,79.1,,100115.74074074074
2021-11-06,16.2,,0.01,79.3,78.6,,0.0
2021-11-07,15.7,,0.0,78.6,78.9,,0.0
2021-11-08,18.3,,0.0,73.4,77.5,,0.0
2021-11-09,17.9,,0.0,66.7,75.1,,0.0
2021-11-10,18.2,,0.0,69.2,76.1,,0.0
2021-11-11,5.2,,0.11,73.8,75.3,,0.0
2021-11-12,3.8,,1.42,85.7,76.7,,0.0
2021-11-13,9.7,,1.75,87.9,78.7,,0.0
2021-11-14,11.3,,6.94,85.1,79.6,,0.0
2021-11-15,12.6,,1.0,83.0,80.4,,0.0
2021-11-16,8.1,,5.02,86.5,79.4,,0.0
2021-11-17,12.4,,6.86,86.6,78.9,,0.0
2021-11-18,6.7,,2.68,88.2,78.2,,0.0
2021-11-19,6.5,,8.36,88.2,77.0,,810.1851851851874
2021-11-20,10.4,,5.02,89.7,77.6,,925.925925925926
2021-11-21,10.1,,13.99,90.4,78.1,,3240.740740740732
2021-11-22,14.0,,2.27,83.3,80.6,,6250.000000000011
2021-11-23,15.4,,1.41,82.8,81.4,,6365.740740740728
2021-11-24,15.0,,2.02,85.1,80.2,,3587.9629629629685
2021-11-25,15.3,,0.38,81.9,79.2,,2199.074074074068
2021-11-26,18.7,,0.0,78.0,79.3,,1273.148148148162
2021-11-27,16.0,,0.0,80.1,75.9,,1041.6666666666645
2021-11-28,8.9,,0.18,77.6,76.3,,0.0
2021-11-29,5.1,,1.15,86.1,75.6,,0.0
2021-11-30,14.1,,3.72,79.7,77.4,,462.9629629629526
2021-12-01,13.3,0.93,0.11,79.5,76.9,25.85,0.0
2021-12-02,17.3,0.94,0.0,77.6,76.3,25.42,0.0
2021-12-03,17.7,0.85,0.0,74.6,76.7,25.06,0.0
2021-12-04,18.6,0.92,0.0,69.1,77.0,24.7,0.0
2021-12-05,18.3,0.88,0.0,65.4,77.6,24.37,0.0
2021-12-06,18.3,0.85,0.0,68.7,77.5,24.05,0.0
2021-12-07,16.8,0.8,0.0,71.6,78.0,23.76,231.4814814814757
2021-12-08,14.3,0.75,0.0,80.1,76.2,23.48,0.0
2021-12-09,13.0,0.68,0.0,77.5,77.8,23.23,0.0
2021-12-10,13.8,0.58,1.83,81.9,76.8,23.29,0.0
2021-12-11,16.0,0.69,0.08,79.1,76.6,23.04,462.9629629629734
2021-12-12,14.6,0.63,0.0,78.9,76.0,22.81,0.0
2021-12-13,13.2,0.56,0.0,80.4,75.6,22.61,0.0
2021-12-14,12.7,0.55,0.0,79.7,75.4,22.42,0.0
2021-12-15,15.8,0.53,0.0,73.7,74.3,22.23,0.0
2021-12-16,18.6,0.53,0.0,69.6,71.0,22.05,0.0
2021-12-17,18.6,0.53,0.0,68.7,71.3,21.87,0.0
2021-12-18,19.2,0.52,0.0,62.0,70.1,21.69,0.0
2021-12-19,18.6,0.49,0.0,68.5,69.4,21.52,0.0
2021-12-20,18.8,0.46,0.0,64.2,70.4,21.36,0.0
2021-12-21,19.3,0.47,0.0,51.0,68.4,21.19,0.0
2021-12-22,19.4,0.46,0.0,54.8,67.9,21.04,0.0
2021-12-23,19.0,0.46,0.0,58.1,69.8,20.88,37962.96296296296
2021-12-24,18.5,0.45,0.0,58.5,74.1,20.73,0.0
2021-12-25,18.4,0.43,0.0,73.6,73.7,20.58,0.0
2021-12-26,18.2,0.43,0.0,75.8,74.3,20.44,0.0
2021-12-27,14.4,0.39,0.0,76.9,74.2,20.31,0.0
2021-12-28,16.1,0.39,0.0,74.4,73.8,20.18,0.0
2021-12-29,16.9,0.38,0.0,74.4,74.1,20.06,0.0
2021-12-30,14.6,0.35,0.0,77.6,73.3,19.94,0.0
2021-12-31,17.6,0.34,0.0,75.7,73.7,19.83,0.0
2022-01-01,18.0,0.3,0.0,75.7,73.5,19.73,0.0
2022-01-02,13.8,,0.05,74.8,73.7,,0.0
2022-01-03,17.9,0.32,0.0,72.0,73.8,19.52,0.0
2022-01-04,17.3,0.31,0.0,76.0,73.0,19.42,0.0
2022-01-05,15.4,0.3,0.0,77.4,72.5,19.32,0.0
2022-01-06,18.6,0.3,0.0,75.4,72.6,19.23,0.0
2022-01-07,16.0,0.29,0.0,75.1,73.4,19.14,0.0
2022-01-08,13.0,0.27,0.0,76.0,75.1,19.05,0.0
2022-01-09,12.2,0.29,0.0,77.6,75.1,18.97,0.0
2022-01-10,14.7,0.28,0.0,77.1,74.8,18.9,0.0
2022-01-11,15.1,0.28,0.02,74.9,74.2,18.81,0.0
2022-01-12,15.3,0.28,1.89,75.0,74.4,19.7,0.0
2022-01-13,16.0,0.48,7.66,75.6,73.4,21.14,0.0
2022-01-14,14.4,0.44,4.59,76.2,73.7,20.87,0.0
2022-01-15,16.2,0.33,0.94,73.0,73.9,20.91,27546.296296296285
2022-01-16,16.1,0.42,0.73,70.6,73.9,20.56,0.0
2022-01-17,17.4,0.45,0.46,64.6,75.4,20.46,0.0
2022-01-18,18.9,0.42,0.01,58.4,74.0,20.29,0.0
2022-01-19,19.4,0.42,0.0,52.1,73.5,20.14,0.0
2022-01-20,19.4,0.43,0.0,49.5,74.6,19.99,0.0
2022-01-21,19.5,0.42,0.0,47.7,77.1,19.84,0.0
